Symbol,Company Name,Net Profit/Loss Before Extraordinary Items And Tax,Net CashFlow From Operating Activities,Net Cash Used In Investing Activities,Net Cash Used From Financing Activities,Foreign Exchange Gains / Losses,Adjustments On Amalgamation Merger Demerger Others,Net Inc/Dec In Cash And Cash Equivalents,Cash And Cash Equivalents Begin of Year,Cash And Cash Equivalents End Of Year
3MINDIA,3M India Ltd.,560.8,424.65,-19.68,-979.52,0,0,-574.56,"1,206.54",631.98
3PLAND,3p Land Holdings Ltd.,2.05,0.01,0,0,0,0,0.01,0.09,0.1
63MOONS,63 Moons Technologies Ltd.,68.86,145.34,-111.92,-1.24,0,0,32.17,54.97,87.14
AARTIIND,Aarti Industries Ltd.,613,"1,272.40","-1,300.72",55.28,0,0,26.96,167.38,194.34
AARVEEDEN,Aarvee Denim and Exports Ltd.,-94.35,39.65,12.93,-62.28,0,0,-9.7,9.86,0.16
AAVAS,AAVAS Financiers  Ltd.,549,"-1,910.20",186.31,"1,858.26",0,0,134.36,42.31,176.67
ABAN,Aban Offshore Ltd.,-103.49,23.1,58.72,-83.1,0,0,-1.29,2.84,1.55
ABFRL,Aditya Birla Fashion & Retail Ltd.,166.25,921.21,-642.74,256.2,0,0,534.67,107.81,642.48
ABHISHEK,Abhishek Corporation Ltd.,-16.46,-0.03,0.12,0,0,0,0.1,4.49,4.59
ACCELYA,Accelya Solutions India Ltd.,118.51,117.27,14.78,-132.43,0,0,-0.39,4.64,4.25
ACE,Action Construction Equipment Ltd.,219.16,286.26,-246,-40.71,0,0,-0.45,5.43,4.99
ADANIENT,Adani Enterprises Ltd.,"2,213.74","11,187.32","-16,008.75","5,110.32",0,0,288.89,63.59,352.48
ADANIGREEN,Adani Green Energy Ltd.,-333,"5,003.00","-2,491.00","-2,013.00",0,0,499,10,509
ADFFOODS,ADF Foods Industries Ltd.,80.76,24.9,-56.75,17.98,1.39,0,-12.47,30.94,18.47
ADORWELD,Ador Welding Ltd.,79.11,13.67,-9.66,-4.67,0,0,-0.66,6.61,5.95
ADROITINFO,Adroit Infotech Ltd.,0.86,2.68,-13.06,10.52,0,0,0.14,0.07,0.2
ADSL,Allied Digital Services Ltd.,-51.69,35.11,-13.24,-10.12,0,0,11.75,9.57,21.32
ADVANIHOTR,Advani Hotels and Resorts (India) Ltd.,38.36,25.95,-8.53,-15.4,0,0,2.03,1.06,3.08
AGARIND,Agarwal Industrial Corporation Ltd.,66.37,60.66,-10.4,-68.06,0,0,-17.8,42,24.19
AGI,AGI Greenpac Ltd.,304.19,522.52,221.96,-554.07,0,0,190.41,39.77,230.18
AGRITECH,Agri-Tech (India) Ltd.,-0.34,-1.55,-3.06,4.93,0,0,0.32,0,0.33
AGROPHOS,Agro Phos India Ltd.,7.11,-6.48,-6.69,12.2,0,0,-0.97,1.1,0.14
AIAENG,AIA Engineering Ltd.,"1,267.08",647.13,"-1,109.96",399.92,-0.29,0,-63.2,176.91,113.71
AIRAN,Airan Ltd.,11.97,17.69,-4.76,-0.33,0,0,12.6,0.39,12.99
AJANTPHARM,Ajanta Pharma Ltd.,699.85,736.29,-501.31,-105.12,0,0,129.86,139.83,269.69
AJMERA,Ajmera Realty and Infra India Ltd.,94.88,52.46,11.28,-71.11,0,0,-7.36,13.35,5.99
AKSHARCHEM,AksharChem (India) Ltd.,-0.5,37.92,-8.4,-29.51,0,0,0.01,0.14,0.15
AKSHOPTFBR,Aksh Optifibre Ltd.,22.58,52.56,-6.48,-47.69,0,0,-1.62,6.28,4.66
AKZOINDIA,Akzo Nobel India Ltd.,455.9,486,-15.1,-301.7,0.3,0,169.5,144.1,313.6
ALBERTDAVD,Albert David Ltd.,50.74,10.52,-5,-6.36,0.01,0,-0.83,2.28,1.45
ALEMBICLTD,Alembic Ltd.,85,34.7,11.29,-46.08,0,0,-0.09,0.92,0.83
ALKALI,Alkali Metals Ltd.,3.86,11.19,-3.14,-8.96,0,0,-0.91,2.01,1.1
ALKEM,Alkem Laboratories Ltd.,"1,326.99","1,437.42",197.04,"-1,711.27",0,0,-76.81,81.82,5.01
ALLSEC,ALLSEC Technologies Ltd.,57.85,35.38,13.01,-47.41,1.62,0,2.6,36.71,39.31
ALPA,Alpa Laboratories Ltd.,15.72,8.82,2.14,-3.48,0,0,7.48,2.65,10.13
ALPHAGEO,Alphageo (India) Ltd.,20.25,13.58,-46.7,-5.55,0,0,-38.66,79.29,40.63
ALPSINDUS,Alps Industries Ltd.,-60.43,38.12,0.32,-38.6,0,0,-0.16,0.29,0.13
AMBICAAGAR,Ambica Agar Ltd.,3.05,8.3,-1.86,-6.95,0,0,-0.5,1.62,1.12
AMBIKCO,Ambika Cotton Mills Ltd.,152.33,-79.82,-3.92,-26.43,0,0,-110.18,279.56,169.38
AMDIND,AMD Industries Ltd.,26.3,11.49,-14.87,5.95,0,0,2.58,4.55,7.12
AMJLAND,AMJ Land Ltd.,6.99,-0.32,0.64,-0.82,0,0,-0.5,0.93,0.43
AMRUTANJAN,Amrutanjan Health Care Ltd.,53.65,20.18,-2.48,-14.99,0,0,2.72,2.19,4.9
ANANTRAJ,Anant Raj Ltd.,141.03,34.08,-31.54,14.54,0,0,17.09,8.19,25.27
ANDHRAPAP,Andhra Paper Ltd.,700.98,535.82,-498.62,-41.33,0.91,0,-3.22,24.54,21.32
ANDHRSUGAR,The Andhra Sugar Ltd.,0,0,0,0,0,0,0,0,0
ANIKINDS,Anik Industries Ltd.,5.78,33.94,26.18,-60.63,0,0,-0.51,2.53,2.02
ANKITMETAL,Ankit Metal and Power Ltd.,-98.75,53.97,-18.67,-34.83,0,0,0.47,0.62,1.09
ANTGRAPHIC,Antarctica Ltd.,-0.01,-0.03,-0.01,0.15,0,0,0.1,0.3,0.41
ANUP,The Anup Engineering Ltd.,73.2,31.76,-1.17,-8.98,0,0,21.61,9.46,31.08
APEX,Apex Frozen Foods Ltd.,50.63,121.19,-21.8,-98.73,0,0,0.65,0.97,1.62
APLAPOLLO,APL Apollo Tubes Ltd.,689.17,914.61,-836.83,-69.95,0,0,7.83,107.94,115.77
APLLTD,Alembic Pharmaceuticals Ltd.,345.93,730.25,-460.98,-261.16,0,0,8.11,13.56,21.67
APOLLOTYRE,Apollo Tyres Ltd.,811.77,"1,531.34",-231.62,"-1,115.24",0.98,0,185.45,314.99,500.44
APOLSINHOT,Apollo Sindoori Hotels Ltd.,16.56,1.96,-65.14,45.77,0,0,-17.41,25.2,7.8
ARCHIDPLY,Archidply Industries Ltd.,16.51,21.66,-32.57,7.18,0,0,-3.73,4.04,0.31
ARCHIES,Archies Ltd.,1.11,6.78,9.75,-16.6,0,0,-0.06,0.35,0.29
ARCOTECH,Arcotech Ltd.,-120.15,-6.02,0.01,6.02,0,0,0,0.01,0.01
ARENTERP,Rajdarshan Industries Ltd.,0.31,-0.38,0.24,0,0,0,-0.14,0.22,0.08
ARIES,Aries Agro Ltd.,29.36,52.68,-15.46,-36.53,0,0,0.69,0.66,1.35
ARIHANTSUP,Arihant Superstructures Ltd.,18.42,-88.39,5.89,84.04,0,0,1.54,1.5,3.03
ARROWGREEN,Arrow Greentech Ltd.,26.6,9.65,-17.68,8.52,0,0,0.49,1.13,1.62
ARVIND,Arvind Ltd.,345.91,563.11,-59.25,-511.13,0,0,-7.27,36.76,29.49
ARVSMART,Arvind SmartSpaces Ltd.,47.34,-31.59,-156.69,67.35,0,0,-120.93,140.08,19.14
ASAHIINDIA,Asahi India Glass Ltd.,575.1,377.09,-294.01,-55.14,0,0,27.94,82.64,110.58
ASAL,Automotive Stampings and Assemblies Ltd.,8.33,24.97,-13.63,-12,0,0,-0.66,3.57,2.91
ASHIANA,Ashiana Housing Ltd.,32.36,0.91,29.85,-13.01,0,0,17.76,94.95,112.71
ASHIMASYN,Ashima Ltd.,-6.6,-23.91,16.02,13.22,0,0,5.33,14.67,20
ASHOKA,Ashoka Buildcon Ltd.,773.3,72.76,-390.85,335.91,0,0,17.81,38.79,56.6
ASIANHOTNR,Asian Hotels (North) Ltd.,-84.82,42.92,3.73,-29.14,0,0,17.5,1.41,18.91
ASIANPAINT,Asian Paints Ltd.,"5,489.60","4,221.65","-1,396.88","-2,184.87",0,0,639.9,"2,064.59","2,704.49"
ASPINWALL,Aspinwall and Company Ltd.,20.42,38.87,4.14,-15.8,0,0,27.21,7.53,34.74
ASTRAL,Astral Ltd.,601,486.5,-598,-121,0,0,-232.5,626.8,394.3
ASTRAZEN,AstraZeneca Pharma Ltd.,134.1,58.29,18.11,-24.48,0,0,51.92,448.42,500.34
ASTRON,Astron Paper & Board Mill Ltd.,-29.03,6.52,-8.74,3.53,0,0,1.31,8.63,9.94
ATFL,Agro Tech Foods Ltd.,20.37,22.38,-42.4,21.96,0,0,1.94,1.54,3.49
ATGL,Adani Total Gas Ltd.,715.87,845.68,"-1,162.68",294.54,0,0,-22.46,31.13,8.67
ATLASCYCLE,Atlas Cycle Industries Ltd.,-23.25,-5.39,4.54,-0.05,0,0,-0.9,1.25,0.35
ATNINTER,ATN International Ltd.,-0.53,5.21,0,-5.2,0,0,0.01,0.1,0.11
ATUL,Atul Ltd.,730.21,732,-497.53,-252.24,0,0,-17.77,17.93,0.16
AUBANK,AU Small Finance Bank Ltd.,"1,864.64","5,493.64","-4,319.50","2,322.52",0,"3,496.66","5,928.52","9,425.17",
AURIONPRO,Aurionpro Solutions Ltd.,49.57,39.51,-52.42,-1.16,0,0,-14.07,19.25,5.19
AURUM,Aurum Proptech Ltd.,-13.99,-20.84,-73.83,84.92,0.0,0.0,-9.75,24.94,15.19
AUSOMENT,Ausom Enterprise Ltd.,1.55,-39.95,-2.72,41.62,0,0,-1.04,1.17,0.13
AUTOAXLES,Automotive Axles Ltd.,218.1,51.61,-83.73,-30.9,0,0,-63.02,74.2,11.18
AVADHSUGAR,Avadh Sugar & Energy Ltd.,143.6,363.61,-123.83,-238.93,0,0,0.85,0.8,1.65
AVANTIFEED,Avanti Feeds Ltd.,306.81,288.4,-228.62,-84.22,0,0,-24.45,49.96,25.51
AVTNPL,AVT Natural Products Ltd.,102.22,52.86,-36.8,-15.11,0,0,0.95,4.4,5.35
AXISBANK,Axis Bank Ltd.,"16,905.85","26,902.11","-33,022.01","1,239.33",304.24,"-4,576.32","110,987.13","106,410.81",
AXISCADES,Axiscades Technologies Ltd.,-18.66,55.86,-194.13,148.47,0.02,0,10.23,6.42,16.65
AYMSYNTEX,AYM Syntex Ltd.,10.64,118.12,-73.93,-38.96,0,0,5.23,3.85,9.08
BAGFILMS,BAG Films and Media Ltd.,0.01,4.57,0.61,-5.34,0,0,-0.17,0.71,0.55
BAJAJCON,Bajaj Consumer Care Ltd.,169.48,103.88,57.85,-162.58,0,0,-0.84,9.52,8.68
BAJAJELEC,Bajaj Electricals Ltd.,317.73,450.29,-99.28,-128.88,0,0,222.12,118.35,340.47
BAJAJHIND,Bajaj Hindusthan Sugar Ltd.,-151.34,814.23,-5.08,-835.17,0,0,-26.02,47.33,21.31
BAJAJHLDNG,Bajaj Holdings & Investment Ltd.,"1,778.85","1,669.47",-133.36,"-1,532.39",0,0,3.72,21.47,25.19
BALAMINES,Balaji Amines Ltd.,305.37,215.5,-132.37,-22.17,0,0,60.95,29.71,90.67
BALAXI,Balaxi Pharmaceuticals Ltd.,22.45,-7.07,-2.29,26.39,0,0,17.03,0.84,17.87
BALKRISHNA,Balkrishna Paper Mills Ltd.,-52.04,-19.56,2.14,17.79,0,0,0.38,0.06,0.44
BALMLAWRIE,Balmer Lawrie & Co Ltd.,211.3,169.07,-22.28,-133.64,0,0,13.15,46.94,60.09
BALPHARMA,Bal Pharma Ltd.,8.55,5.07,-22.08,17.43,0,0,0.42,0.81,1.23
BALRAMCHIN,Balrampur Chini Mills Ltd.,396.97,452.92,-858.75,405.83,0,0,-0.01,0.32,0.31
BANARBEADS,Banaras Beads Ltd.,3.42,-4.45,0.95,-7.62,0,0,-11.12,12.22,1.11
BANARISUG,Bannariamman Sugars Ltd.,220.21,502.26,-56.61,-442.82,0,0,2.84,2.84,5.68
BANCOINDIA,Banco Products (India) Ltd.,280.95,68.04,126.89,-200.6,0,0,-5.67,11.18,5.51
BANDHANBNK,Bandhan Bank Ltd.,"2,892.98","-4,244.62","-1,617.94","4,791.25",0,"-1,071.30","9,318.80","8,247.50",
BANKINDIA,Bank Of India,"6,229.31","-5,799.42","-1,345.02",-17.88,0,"-7,162.32","91,557.64","84,395.32",
BANSWRAS,Banswara Syntex Ltd.,140.19,20.17,-99.53,75.21,0,0,-4.14,18.75,14.6
BASF,BASF India Ltd.,543.4,530.72,-199.04,-90.69,0,0,240.99,125.6,366.59
BASML,Bannari Amman Spinning Mills Ltd.,-34.83,-42.9,-45,81.75,0,0,-6.15,10.75,4.6
BATAINDIA,Bata India Ltd.,425.63,628.86,438.46,"-1,010.50",0,0,56.82,17.73,74.55
BBL,Bharat Bijlee Ltd.,111.36,51.69,-9.83,-31.21,0,0,10.65,4.75,15.4
BBTC,Bombay Burmah Trading Corporation Ltd.,17.29,-39.51,170.16,-161.21,0,0,-30.55,89.6,59.05
BEARDSELL,Beardsell Ltd.,11.26,12.48,-10.33,-0.89,0,0,1.26,-8.34,-7.08
BEDMUTHA,Bedmutha Industries Ltd.,12.62,72.29,-8.49,-56.99,0,0,6.81,10.09,16.9
BEL,Bharat Electronics Ltd.,"3,984.88","1,155.19","2,782.04","-1,312.09",0,0,"2,625.14","1,239.04","3,864.18"
BEPL,Bhansali Engineering Polymers Ltd.,194.79,140.11,-15.32,-49.77,0,0,75.02,77.28,152.31
BERGEPAINT,Berger Paints India Ltd.,"1,102.72",934.29,-659.14,-284.26,0,0,-9.11,65.98,56.87
BGRENERGY,BGR Energy Systems Ltd.,-635.19,304.81,-1.98,-306.4,0,0,-3.57,5.76,2.19
BHAGERIA,Bhageria Industries Ltd.,20.71,12.89,-26.24,-1.16,0,0,-14.52,22.13,7.61
BHANDARI,Bhandari Hosiery Exports Ltd.,7.89,12.11,-2.7,-9.04,0,0,0.37,2.5,2.87
BHARATFORG,Bharat Forge Ltd.,"1,382.75",788.26,-600.79,-172.28,4.76,0,19.95,377.77,397.72
BHARATGEAR,Bharat Gears Ltd.,17.6,41.96,-26.25,-2.8,0,0,12.9,-29.29,-16.39
BHARATRAS,Bharat Rasayan Ltd.,180.23,213.35,-60.55,-152.11,17.56,0,18.25,0.33,18.58
BHARATWIRE,Bharat Wire Ropes Ltd.,96.63,83.23,-13.47,-64.24,0,0,5.52,3.21,8.73
BHARTIARTL,Bharti Airtel Ltd.,"1,269.30","43,582.60","-30,006.30","-12,500.40",0,0,"1,075.90",310.2,"1,386.10"
BHEL,Bharat Heavy Electricals Ltd.,449.6,-741.52,"1,480.46",88.96,0,0,827.9,732.62,"1,560.52"
BIL,Bhartiya International Ltd.,21.84,29,-21.63,-10.93,0,0,-3.56,7.91,4.36
BIOFILCHEM,Biofil Chemicals and Pharmaceuticals Ltd.,0.79,-0.11,-0.01,0.02,0,0,-0.11,0.14,0.04
BIRLAMONEY,Aditya Birla Money Ltd.,46.68,-76.51,-3.76,106.05,0,0,25.78,36.7,62.49
BLBLIMITED,BLB Ltd.,7.98,-8.24,13.75,-0.25,0,0,5.26,0.54,5.81
BLISSGVS,Bliss GVS Pharma Ltd.,115.69,43.81,-12.97,-26.05,0,0,4.79,13.82,18.6
BLKASHYAP,BL Kashyap & Sons Ltd.,72.97,63.04,-4.64,-74.68,0,0,-16.28,26.24,9.96
BLUECHIP,Blue Chip India Ltd.,0.69,-0.56,-0.25,0.8,0,0,-0.01,0.02,0.01
BLUECOAST,Blue Coast Hotels Ltd.,-5.41,0.39,-0.16,-0.5,0,0,-0.27,0.55,0.28
BLUEDART,Blue Dart Express Ltd.,498.74,319.26,-217.34,-190.05,0,0,-88.13,181.12,92.99
BLUESTARCO,Blue Star Ltd.,504.6,308.1,-86.12,-247.77,0,0,-25.79,201.06,175.27
BODALCHEM,Bodal Chemicals Ltd.,42.55,246.41,-314.69,69.25,0,0,0.97,3.8,4.77
BOMDYEING,The Bombay Dyeing Co. Ltd.,-488.52,861.05,177.11,"-1,320.42",0,0,-282.26,414.86,132.6
BORORENEW,Borosil Renewables Ltd.,119.15,25.64,-220.68,184.64,0,0,-10.4,11.46,1.07
BOSCHLTD,Bosch Ltd.,"1,882.40","1,213.60",261.8,"-1,239.40",0,0,236,143.2,379.2
BPL,BPL Ltd.,13.17,6.43,4.14,-10.21,0,0,0.37,0.47,0.84
BRIGADE,Brigade Enterprises Ltd.,501.84,282.55,71.77,-359.63,0,0,-5.31,164.84,159.53
BRITANNIA,Britannia Industries Ltd.,"2,840.07","2,442.05","-1,386.44","-1,047.82",0,0,7.79,1.3,9.09
BRNL,Bharat Road Network Ltd.,-97.16,-53.21,87.35,-33.85,0,0,0.29,0.4,0.69
BSL,BSL Ltd.,22.56,18.82,-160.22,141.3,0,0,-0.09,0.23,0.13
BSOFT,Birlasoft Ltd.,200.36,376.76,390.23,-623.89,-1.09,0,142.02,51.28,193.3
BURNPUR,Burnpur Cement Ltd.,-70.65,23.84,11.06,-34.09,0,0,0.8,1.61,2.42
BUTTERFLY,Butterfly Gandhimathi Appliances Ltd.,80.45,121.59,-29.38,-60.73,0,0,31.48,1.2,32.69
CAMLINFINE,Camlin Fine Sciences Ltd.,66.63,18.52,-114.73,78.39,0,0,-17.82,22.17,4.35
CANBK,Canara Bank,"10,603.76","-40,676.37",-389.58,434.85,0,"-40,631.10","182,054.30","141,423.20",
CANFINHOME,Can Fin Homes Ltd.,824.03,"-4,044.03",-327.27,"4,370.48",0,0,-0.82,2.7,1.88
CANTABIL,Cantabil Retail India Ltd.,89.27,75.14,-34.1,-42.83,0,0,-1.79,3.23,1.44
CAPACITE,Capacite Infraprojects Ltd.,134.94,87.91,-37.76,-33.6,0,0,16.55,22.11,38.66
CAPTRUST,Capital Trust Ltd.,-61.33,74.25,42.07,-113.09,0,0,3.24,4.88,8.12
CARBORUNIV,Carborundum Universal Ltd.,431.65,344.04,-212.19,-137.77,0,0,-5.92,15.84,9.92
CARERATING,CARE Ratings Ltd.,138.14,94.51,-2.22,-61.74,0,0,30.55,11.96,42.51
CCHHL,Country Club Hospitality & Holidays Ltd.,-144.95,-186.35,243.11,-57.4,0,0,-0.64,1.82,1.19
CEATLTD,Ceat Ltd.,274.21,"1,215.23",-859.97,-318.02,0,0,37.24,13,50.24
CELEBRITY,Celebrity Fashions Ltd.,6.15,14.6,-7.24,-2.51,0,0,4.85,0.37,5.22
CENTEXT,Century Extrusions Ltd.,8.64,13.7,-7.87,1.96,0,0,7.79,2.88,10.67
CENTRALBK,Central Bank of India,"2,645.34","-8,794.18",-200.5,0,0,"-8,994.68","53,094.33","44,099.65",
CENTUM,Centum Electronics Ltd.,26.38,21.39,-13.32,-9.28,0.04,0,-1.16,14.92,13.76
CENTURYPLY,Century Plyboards Ltd.,494.11,440.8,-450.69,12.36,0,0,2.46,7.8,10.26
CENTURYTEX,Century Textiles and Industries Ltd.,529.66,483.8,-32.67,-578.82,0,0,-127.69,17.38,-110.31
CERA,Cera Sanitaryware Ltd.,281.73,156.47,-101.18,-58.65,0,0,-3.37,13.78,10.42
CEREBRAINT,Cerebra Integrated Technologies Ltd.,0.16,-1.98,-0.55,2.05,0,0,-0.49,-23.47,-23.95
CGPOWER,CG Power and Industrial Solutions Ltd.,983.07,890.41,7.27,-584.79,0,0,312.89,320.66,633.55
CHALET,Chalet Hotels Ltd.,277.25,493.97,-614.99,125.25,0,0,4.23,23.09,27.32
CHAMBLFERT,Chambal Fertilisers and Chemicals Ltd.,"1,451.79","3,241.14","-1,872.82","-1,861.99",0,0,-493.67,521.41,27.74
CHEMFAB,Chemfab Alkalis Ltd.,66.22,96.85,-51.87,-8.85,0,0,36.14,32.76,68.89
CHENNPETRO,Chennai Petroleum Corporation Ltd.,"4,808.70","5,748.96",-402.51,"-5,353.55",0,0,-7.1,8.33,1.23
CHOLAFIN,Cholamandalam Investment and Finance Company Ltd.,"3,599.69","-27,036.89","-2,160.12","27,449.42",0,0,"-1,747.59","2,657.88",910.29
CIGNITITEC,Cigniti Technologies Ltd.,137.13,120.79,-55.29,-64.24,0,0,1.27,-12.63,-11.36
CINELINE,Cineline India Ltd.,7.62,59.42,7.43,-67.76,0,0,-0.91,25.2,24.29
CINEVISTA,Cinevista Ltd.,-46.31,-3.28,-0.08,7.3,0,0,3.94,0.5,4.44
CIPLA,Cipla Ltd.,"3,626.44","3,035.05","-2,757.95",-424.77,-0.14,0,-147.81,177.29,29.48
CLEDUCATE,CL Educate Ltd.,13.22,13.45,11.11,-22.28,0,0,2.28,4.74,7.02
COCHINSHIP,Cochin Shipyard Ltd.,448.51,"2,051.14",-225.79,-272.28,0,0,"1,553.07",455.76,"2,008.83"
COFFEEDAY,Coffee Day Enterprises Ltd.,-3.08,33.29,-0.15,-32.82,0,0,0.32,0.15,0.46
COFORGE,COFORGE LIMITED Ltd.,822.5,75.8,414.1,-413.1,0,0,76.8,60.4,137.2
COLPAL,Colgate Palmolive (India) Ltd.,"1,420.88","1,176.26",-7.55,"-1,086.73",0,0,81.99,724.07,806.06
CONCOR,Container Corporation of India Ltd.,"1,553.73","1,382.46",-603.64,-839.16,0,0,-60.34,368.83,308.49
CORALFINAC,Coral India Finance and Housing Ltd.,22.32,21.95,-8.77,-1.21,0,0,11.97,3.96,15.93
CORDSCABLE,Cords Cable Industries Ltd.,9.75,35,-5.96,-32.54,0,0,-3.51,3.68,0.17
COROMANDEL,Coromandel International Ltd.,"2,722.04",560.47,656.26,-543,0,0,673.73,657.65,"1,331.38"
COUNCODOS,Country Condos Ltd.,1.09,-1.64,-0.24,1.52,0,0,-0.36,4.44,4.08
CREATIVEYE,Creative Eye Ltd.,-0.37,-0.45,0.71,-1.46,0,0,-1.21,11.89,10.68
CROMPTON,Crompton Greaves Consumer Electrical Ltd.,594.31,424.8,299.15,-849.98,0,0,-126.03,170.09,44.06
CUB,City Union Bank Ltd.,937.48,100.4,-71.88,-66.17,0,-37.66,"6,686.93","6,649.27",
CUBEXTUB,Cubex Tubings Ltd.,4.12,0.12,0.47,-0.74,0,0,-0.16,1.02,0.86
CUMMINSIND,Cummins India Ltd.,"1,492.07",811.09,69.37,-684.41,17.8,0,213.85,177.42,391.27
CUPID,Cupid Ltd.,42.32,32.71,-21.86,-10.95,0,0,-0.1,0.4,0.3
CYBERTECH,Cybertech Systems and Software Ltd.,21.53,10.82,1.29,-3.9,0,0,8.21,2.6,10.81
DABUR,Dabur India Ltd.,"1,828.67","1,561.91",-618.57,-939.83,1.37,0,4.88,10.47,15.35
DALMIASUG,Dalmia Bharat Sugar and Industries Ltd.,355.57,582.85,-192.18,-419.49,0,0,-28.82,94.61,65.79
DAMODARIND,Damodar Industries Ltd.,1.91,59.69,-13.14,-43.67,-3.61,0,-0.74,1.53,0.79
DATAMATICS,Datamatics Global Services Ltd.,135.35,63.97,3.1,-51.72,0,0,15.35,21.65,37
DBCORP,DB Corp Ltd.,226.83,243.75,-143.54,-132.16,0,0,-31.95,112.1,80.16
DBL,Dilip Buildcon Ltd.,279.74,"1,135.69",-257.92,-900.9,0,0,-23.13,332.89,309.77
DBSTOCKBRO,DB (International) Stock Brokers Ltd.,8.25,13.46,-11.84,-0.14,0,0,1.48,13.22,14.7
DCAL,Dishman Carbogen Amcis Ltd.,-96.2,-52.9,40.71,1.38,0,0,-10.81,24.88,14.07
DCBBANK,DCB Bank Ltd.,465.56,"-1,565.72",-164.76,8.14,0,"-1,722.34","4,090.76","2,368.42",
DCMFINSERV,DCM Financial Ltd.,-0.9,-1.47,5.98,-4.45,0,0,0.06,0.17,0.22
DCMSHRIRAM,DCM Shriram Ltd.,961.49,"1,306.38","-1,558.94",-228.8,0,0,-481.36,874.9,393.54
DCW,DCW Ltd.,274.41,225.91,-164.56,-139.1,0,0,-77.75,87.67,9.91
DECCANCE,Deccan Cements Ltd.,66.61,54.95,-219.23,79.65,0,0,-84.63,297,212.37
DEEPAKFERT,Deepak Fertilisers And Petrochemicals Corporation Ltd.,390.14,247.1,39.91,-294.32,0,0,-7.31,32.3,24.99
DELTAMAGNT,Delta Manufacturing Ltd.,-6.42,2.37,4.4,-9.59,0,0,-2.82,2.89,0.07
DEN,Den Networks Ltd.,171.67,121.19,-27.46,-112.97,0,0,-19.25,21.32,2.07
DENORA,De Nora India Ltd.,27.15,14.28,-23.8,-0.53,0,0,-10.05,13.9,3.85
DHAMPURSUG,Dhampur Sugar Mills Ltd.,215.1,379.73,-144.19,-242.5,0,0,-6.96,41.06,34.1
DHANBANK,Dhanlaxmi Bank Ltd.,31.61,216.4,-105.61,0,0,110.79,735.84,846.63,
DHANUKA,Dhanuka Agritech Ltd.,302.73,136.23,2.57,-136.79,0,0,2,1.48,3.48
DHUNINV,Dhunseri Investments Ltd.,9.07,6.3,-4.86,-1.57,0,0,-0.13,1.05,0.92
DIVISLAB,Divis Laboratories Ltd.,"2,354.10","2,447.95","-2,706.75",-796.59,0,0,"-1,055.39","1,199.56",144.17
DLINKINDIA,D-Link India Ltd.,113.42,3.9,-1.01,-15.08,0,0,-12.2,17.73,5.54
DMART,Avenue Supermarts Ltd.,"3,231.16","2,677.97","-2,442.18",-132.41,0,0,103.38,83.45,186.83
DNAMEDIA,Diligent Media Corporation Ltd.,221.83,93.12,-92.17,0,0,0,0.95,1.68,2.62
DONEAR,Donear Industries Ltd.,48.57,3.96,-12.78,12.19,0,0,3.37,0.83,4.2
DPSCLTD,DPSC Ltd.,18.65,69.56,-0.59,-63.66,0,0,5.31,0.06,5.37
DRREDDY,Dr Reddys Laboratories Ltd.,"3,866.00","5,052.90","-3,447.60","-2,696.90",44.5,0,"-1,047.10","1,159.40",112.3
DSSL,Dynacons Systems and Solutions Ltd.,44.6,14.62,-0.3,-5.37,0,0,8.94,7.28,16.22
DTIL,Dhunseri Tea & Industries Ltd.,-13.98,33.59,-61.81,35.69,0,0,7.48,2.71,10.19
DUCON,Ducon Infratechnologies Ltd.,5.31,0.62,-0.13,-0.48,0,0,0.01,0.01,0.02
DVL,Dhunseri Ventures Ltd.,152.02,138.52,-112.06,-29.86,0,0,-3.4,15.54,12.14
DWARKESH,Dwarikesh Sugar Industries Ltd.,152.51,313.86,-91.51,-221.92,0,0,0.44,0.23,0.67
DYNAMATECH,Dynamatic Technologies Ltd.,43.82,94.29,-70.14,64.23,0,0,88.38,6.67,95.05
DYNPRO,Dynemic Products Ltd.,-3.94,24.65,-0.83,-26.22,2.61,0,0.2,0.21,0.41
EASTSILK,Eastern Silk Industries Ltd.,-14.43,3.44,-0.05,-3.9,0,0,-0.51,3.71,3.2
ECLERX,eClerx Services Ltd.,504,354.78,41.92,-418.74,12.43,0,-9.61,145.2,135.59
EDELWEISS,Edelweiss Financial Services Ltd.,"2,314.66",-328.61,285.42,-283.74,0,0,-326.93,461.93,135.01
EIHAHOTELS,EIH Associated Hotels Ltd.,84.85,91.23,-88.74,-1.73,0,0,0.76,7.64,8.4
EIHOTEL,EIH Ltd.,436.58,527.94,-242.14,-306.88,0,0,-21.08,53.1,32.01
EIMCOELECO,Eimco Elecon (India) Ltd.,26.49,6.66,-4.66,-2.43,0,0,-0.42,3.08,2.66
EKC,Everest Kanto Cylinder Ltd.,90.84,91.9,-43.2,-54.99,0,0,-6.28,21.82,15.53
ELECON,Elecon Engineering Company Ltd.,246.46,295.16,-144.74,-140.08,0,0,10.34,14.13,24.47
ELECTCAST,Electrosteel Castings Ltd.,432.78,397.65,206.93,-556.21,0,0,48.37,152.14,200.51
ELECTHERM,Electrotherm (India) Ltd.,-76.66,105.99,-2.48,-101.88,0,0,1.63,64.01,65.64
ELGIEQUIP,Elgi Equipments Ltd.,353.98,234.65,-286.51,48.88,0,0,-2.98,54.9,51.92
ELGIRUBCO,Elgi Rubber Company Ltd.,18.08,6.4,-13.27,6.77,0,0,-0.1,0.66,0.55
EMAMILTD,Emami Ltd.,606.33,730.96,-105.59,-612.17,0,0,13.2,13.12,26.32
EMMBI,Emmbi Industries Ltd.,11.99,38.47,-24.2,-13.91,0,0,0.36,0.96,1.32
ENDURANCE,Endurance Technologies Ltd.,552.17,623.43,-579.41,-104.43,0,0,-60.41,103.1,42.69
ENERGYDEV,Energy Development Company Ltd.,0.52,-1.57,-1.73,2.03,0,0,-1.27,2.13,0.85
ENGINERSIN,Engineers India Ltd.,440.04,-123.08,331.96,-175.29,0,0,33.59,26.65,60.24
ENIL,Entertainment Network India Ltd.,-6.42,89.05,-54.11,-33.12,0,0,1.82,4.97,6.79
EPL,EPL Ltd.,200.2,247.2,-15.2,-224.6,0,0,7.4,12,19.4
EROSMEDIA,Eros International Media Ltd.,-113.31,414.49,8.35,-348.29,0,0,74.55,1.52,76.07
ESABINDIA,Esab India Ltd.,182.29,129.24,5.17,-122.17,0,0,12.24,21.2,33.44
ESSARSHPNG,Essar Shipping Ltd.,"1,666.25",84.33,12.52,-103.64,0,0,-6.79,7.5,0.71
ESSENTIA,Integra Essentia Ltd.,7.18,57.29,-139.68,97.86,0,0,15.47,0.39,15.86
ESTER,Ester Industries Ltd.,211.32,137.86,-156.07,23.68,0,0,5.46,22.89,28.35
EVEREADY,Eveready Industries India Ltd.,27.16,37.2,-19.45,-59.09,0,0,-41.34,43.78,2.44
EVERESTIND,Everest Industries Ltd.,43.68,-166.64,40.3,42.49,0,0,-83.85,96.42,12.58
EXCEL,Excel Realty N Infra Ltd.,2.63,45.57,-41.15,-0.22,0,0,4.2,1.42,5.62
EXCELINDUS,Excel Industries Ltd.,103.95,126.54,-117.1,-34.57,0,0,-25.13,28.4,3.27
EXPLEOSOL,Expleo Solutions Ltd.,173.54,36.64,-36.35,-6.57,-1.08,0,-7.36,136.97,129.61
FACT,Fertilisers and Chemicals Travancore Ltd.,612.99,555.03,-683.03,-4.48,0,0,-132.48,182.06,49.58
FCL,Fineotex Chemical Ltd.,67.71,66.29,-68.58,-5,0,0,-7.29,14.63,7.34
FCSSOFT,FCS Software Solutions Ltd.,2.67,2.24,2.05,-4.94,0,0,-0.65,2.61,1.96
FDC,FDC Ltd.,265.69,164.72,3.62,-179.83,0.11,0,-11.38,31.13,19.75
FEDDERELEC,Fedders Electric and Engineering Ltd.,22.86,-30.22,-6.04,29.19,0,0,-7.07,11.08,4.01
FEDERALBNK,Federal Bank Ltd.,"4,044.50","2,869.69","-9,818.23","3,642.73",-15.86,"-3,321.66","21,010.35","17,688.68",
FIEMIND,FIEM Industries Ltd.,188.26,130.65,37.45,-54.95,0,0,113.15,66.79,179.93
FILATEX,Filatex India Ltd.,122.08,325.43,-113.85,-160.44,0,0,51.14,0.9,52.04
FINCABLES,Finolex Cables Ltd.,646.04,356.31,-224.64,-96.65,0,0,35.02,32.39,67.41
FINEORG,Fine Organics Industries Ltd.,793.02,433.59,-84.74,-68.55,0,0,280.3,208.9,489.2
FLEXITUFF,Flexituff Ventures International  Ltd.,-143.5,35.35,1.81,-41.72,0,0,-4.56,7.53,2.98
FSL,Firstsource Solutions Ltd.,311.06,270.19,47.14,-319,0.21,0,-1.46,18.92,17.46
GABRIEL,Gabriel India Ltd.,177.91,136.36,-103.83,-33.7,0,0,-1.17,41,39.83
GAIL,GAIL India Ltd.,"6,583.81","2,808.01","-6,553.33","2,551.53",0,0,"-1,193.79","1,367.56",173.77
GALAXYSURF,Galaxy Surfactants Ltd.,214.01,330.63,-103.54,-213.57,0.02,0,13.54,8.15,21.69
GALLANTT,Gallantt Ispat Ltd.,239.89,95.56,-225.07,126.48,0,0,-3.03,8.65,5.62
GANDHITUBE,Gandhi Special Tubes Ltd.,62.87,45.32,-7.45,-12.28,0,0,25.59,2.39,27.98
GANECOS,Ganesha Ecosphere Ltd.,99.14,101.63,-102.12,1.03,0,0,0.55,0.58,1.12
GANESHHOUC,Ganesh Housing Corporation Ltd.,0,0,0,0,0,0,0,0,0
GARFIBRES,Garware Technical Fibres Ltd.,206.72,185.39,-102.72,-85.03,0,0,-2.36,37.31,34.95
GEECEE,GeeCee Ventures Ltd.,12.13,79.29,-43.93,-0.21,0,0,35.15,3.49,38.65
GEEKAYWIRE,Geekay Wires Ltd.,34.73,52.52,-21.51,-34.21,0.68,0,-2.52,9.85,7.33
GENESYS,Genesys International Corporation Ltd.,48.52,-24.25,-208.7,222.16,0,0,-10.8,21.33,10.53
GENUSPOWER,Genus Power Infrastructures Ltd.,50.27,87.25,-81.03,86.57,0,0,92.79,-204.29,-111.5
GEOJITFSL,Geojit Financial Services Ltd.,110.79,40.47,-17.96,-60.15,0,0,-37.64,111.37,73.73
GEPIL,GE Power India Ltd.,-334.29,89.78,6.2,-48.05,0,0,47.93,165.43,213.36
GESHIP,Great Eastern Shipping Company Ltd.,"2,388.59","2,699.04",81.21,"-1,622.79",43.85,0,"1,201.31","1,115.82","2,317.13"
GHCL,Gujarat Heavy Chemicals Ltd.,"1,474.47",898.94,-433.47,-535.13,0,0,-69.66,230.27,160.61
GICHSGFIN,GIC Housing Finance Ltd.,289.8,"1,043.84",-212.85,"-1,238.36",0,0,-407.37,477.01,69.64
GILLANDERS,Gillanders Arbuthnot & Co Ltd.,21.42,49.85,9.75,-57.91,0,0,1.69,0.61,2.3
GILLETTE,Gillette India Ltd.,472.9,462.6,-66.67,-231.44,0,0,164.49,288.95,453.44
GINNIFILA,Ginni Filaments Ltd.,-25.73,118.66,-23.84,-94.22,0,0,0.6,1.72,2.32
GIPCL,Gujarat Industries Power Co. Ltd.,253.43,410.26,-128.21,-110.22,0,0,171.83,282.34,454.17
GKWLIMITED,GKW Ltd.,12.92,2.08,-3.11,-0.04,0,0,-1.08,1.75,0.68
GLAXO,GlaxoSmithKline Pharmaceuticals Ltd.,837.49,487.94,805.19,"-1,544.18",0,0,-251.05,280.79,29.74
GLFL,Gujarat Lease Financing Ltd.,0.19,0.19,0.28,0,0,0,0.47,0.3,0.77
GLOBALVECT,Global Vectra Helicorp Ltd.,-18.41,28.57,95.01,-142.08,-0.01,0,-18.52,20.17,1.65
GLOBUSSPR,Globus Spirits Ltd.,122.2,128.05,-210.69,85.01,0,0,2.37,25.62,27.99
GMBREW,GM Breweries Ltd.,131.62,96.04,-86.78,-9.18,0,0,0.08,1.52,1.61
GMDCLTD,Gujarat Mineral Development Corporation Ltd.,"1,657.17",933.9,-788.24,-137.27,0,0,8.39,42.63,51.02
GMMPFAUDLR,GMM Pfaudler Ltd.,131.07,58.47,-195.48,158.52,0,0,21.51,14.74,36.25
GNFC,Gujarat Narmada Valley Fert & Chem. Ltd.,"1,931.55","1,373.08","-1,229.43",-160.1,0,0,-16.45,72.64,56.19
GOACARBON,Goa Carbon Ltd.,108.23,-115.62,-19.71,126.65,0,0,-8.68,11.24,2.55
GODFRYPHLP,Godfrey Phillips India Ltd.,789.61,738.97,-535.89,-206.29,0,0,-3.21,24.39,21.18
GODREJPROP,Godrej Properties Ltd.,830.54,"-1,894.46","1,305.21",842.47,0,0,253.22,132.67,385.89
GOKEX,Gokaldas Exports Ltd.,203.77,368.45,-282.96,-84.61,0,0,0.88,12.57,13.45
GOKULAGRO,Gokul Agro Resources Ltd.,141.41,30.62,-169.61,170.29,0,0,31.3,26.14,57.43
GOLDTECH,AION-TECH SOLUTIONS Ltd.,3.81,2.2,-2.51,0.5,0,0,0.2,0.07,0.27
GOODLUCK,Good Luck India Ltd.,120.12,66.86,-80.14,13.36,0,0,0.07,0.24,0.31
GPPL,Gujarat Pipavav Port Ltd.,391.87,370.14,-81.67,-273.06,0,0,15.41,0.36,15.77
GPTINFRA,GPT Infraprojects Ltd.,46.51,106.15,-48.3,-54.44,0,0,3.41,2.64,6.05
GRANULES,Granules India Ltd.,663.94,663.68,-96.45,-519.47,-0.25,0,47.5,134.24,181.75
GRAPHITE,Graphite India Ltd.,476.06,-112.94,300.12,-212.63,0,0,-25.45,28.77,3.32
GRASIM,Grasim Industries Ltd.,"2,645.24","2,318.83","-2,190.23",-164.81,0,0,-36.21,52.69,16.48
GRAVITA,Gravita India Ltd.,116.25,96.5,-22.04,-68,0,0,6.46,0.11,6.57
GREENPOWER,Orient Green Power Company Ltd.,3.14,-1.79,3.67,-1.41,0.06,0,0.53,0.27,0.8
GRINDWELL,Grindwell Norton Ltd.,469.18,341.05,-202.32,-138.67,0.0,0.0,0.06,32.67,32.73
GROBTEA,The Grob Tea Company Ltd.,3.71,4.02,-12.51,8.08,0,0,-0.41,0.59,0.18
GRPLTD,GRP Ltd.,11.57,25.87,-2.92,-22.76,0,0,0.19,0.27,0.46
GRSE,Garden Reach Shipbuilders & Engineers Ltd.,305.22,"1,450.23","-1,666.29",220.33,0,0,4.27,9.71,13.99
GSFC,Gujarat State Fertilizers & Chemicals Ltd.,"1,567.54",929.23,-39.83,-114.12,0.0,0.0,775.29,307.28,"1,082.57"
GSS,GSS Infotech Ltd.,6.22,1.38,0.73,-1.01,0,0,1.09,1.04,2.13
GTL,GTL Ltd.,-43.22,18.08,119.04,-134.12,0,0,3,2.11,5.11
GTLINFRA,GTL Infrastructure Ltd.,"-1,816.91",497.16,-36.68,-452.91,0,0,7.57,488.79,496.36
GTPL,GTPL Hathway Ltd.,92.91,320.64,-205.41,-55.33,0,0,59.9,55.75,115.65
GUJAPOLLO,Gujarat Apollo Industries Ltd.,1.66,-7.73,9.44,-1.91,0,0,-0.2,0.3,0.11
GUJGASLTD,Gujarat Gas Ltd.,"2,024.65","2,377.96","-1,041.33",-678.37,0,0,658.26,16.44,674.7
GUJRAFFIA,Gujarat Raffia Industries Ltd.,1.28,7.38,-4.23,3.29,0,0,6.44,0.99,7.43
GULFOILLUB,Gulf Oil Lubricants India Ltd.,312.7,273.32,30.43,-202.12,0,0,101.63,548.73,650.36
GULFPETRO,GP Petroleums Ltd.,34.67,11.38,5.47,-16.99,0,0,-0.14,0.28,0.14
GULPOLY,Gulshan Polyols Ltd.,60.38,15.61,-247.43,124.31,0,0,-107.51,112.61,5.1
GVKPIL,GVK Power & Infrastructure Ltd.,7.01,-6.11,15.3,-2.77,0,0,6.42,40.34,46.76
HAL,Hindustan Aeronautics Ltd.,"5,811.17","8,835.50","-5,734.34","-1,731.30",0,0,"1,369.86","3,069.14","4,439.00"
HARRMALAYA,Harrisons Malyalam Ltd.,17.78,31.26,-27.37,-5.41,0,0,-1.52,2.6,1.09
HATSUN,Hatsun Agro Products Ltd.,224.56,741.17,-440.8,-300.36,0,0,0,37.11,37.11
HAVELLS,Havells India Ltd.,"1,450.25",564.74,39.08,-906.93,-3.73,0,-306.84,763.7,456.86
HBLPOWER,HBL Power Systems Ltd.,125,122,-48.25,8.41,0,0,82.16,47.8,129.96
HBSL,HB Stockholdings Ltd.,-2.06,-2.89,-1.46,0.72,0,0,-3.64,4.23,0.59
HCC,Hindustan Construction Company Ltd.,254.89,77.93,401.75,-501.75,0.51,0,-21.56,237.86,216.3
HCLTECH,HCL Technologies Ltd.,"14,716.00","13,538.00",-798,"-13,267.00",-6,0,-533,"2,907.00","2,374.00"
HDFCAMC,HDFC Asset Management Company  Ltd.,"1,870.61","1,149.32",-218.17,-929.9,0,0,1.25,1.87,3.12
HDFCBANK,HDFC Bank Ltd.,"58,485.30","27,313.41","-2,428.88","16,121.92",431.71,"41,438.16","152,326.92","193,765.08",
HDFCLIFE,HDFC Life Insurance Company Ltd.,"59,608.98","6,881.61","-10,072.42","1,984.71",0,0,"-1,206.10","12,004.38","10,798.28"
HEG,HEG Ltd.,600.48,114.48,-31.11,-99.96,0,0,-16.58,41.04,24.45
HERCULES,Hercules Hoists Ltd.,116.12,10.03,-0.52,-7.52,0,0,1.99,13.82,15.81
HERITGFOOD,Heritage Foods Ltd.,89.34,-60.83,-82.48,127.15,0,0,-16.16,32.48,16.32
HEROMOTOCO,Hero Motocorp Ltd.,"2,910.58","2,579.08",-468.81,"-2,040.58",0,0,69.69,98.68,168.37
HEUBACHIND,Heubach Colorants India Ltd.,39.97,36.31,-8.92,-0.38,0,0,27.02,6.93,33.94
HGINFRA,HG Infra Engineering Ltd.,568.74,587.09,-682.67,117.44,0,0,21.87,47.24,69.11
HIKAL,Hikal Ltd.,105.36,315.29,-292.34,-7.68,0,0,15.27,11.44,26.71
HIL,HIL Ltd.,163.68,123.68,-124.53,-3.97,0,0,-4.82,14.36,9.53
HIMATSEIDE,Himatsingka Seide Ltd.,-30.2,190.95,2.18,-252.11,0,0,-58.98,110.91,51.93
HINDCOMPOS,Hindustan Composites Ltd.,32.6,15.7,-21.01,-2.38,0,0,-7.69,13.98,6.29
HINDCOPPER,Hindustan Copper Ltd.,395.66,673.58,-337.3,-382.45,0,0,-46.17,315.33,269.16
HINDMOTORS,Hindustan Motors Ltd.,-2.02,1.21,-0.52,-0.13,0,0,0.56,0.69,1.25
HINDPETRO,Hindustan Petroleum Corporation Ltd.,"-11,914.91","-3,359.49","-10,932.77","15,477.40",0,0,"1,185.14","-2,100.45",-915.31
HINDUNILVR,Hindustan Unilever Ltd.,"13,079.00","9,626.00","-1,062.00","-8,966.00",0,0,-402,988,586
HINDZINC,Hindustan Zinc Ltd.,"15,297.00","15,133.00","6,558.00","-23,224.00",0,0,"-1,533.00","1,592.00",59
HIRECT,Hind Rectifiers Ltd.,2.08,8.18,-29.3,21.17,0,0,0.05,1.34,1.39
HISARMETAL,Hisar Metal Ltd.,10.95,15.49,-8.03,-6.88,0,0,0.58,4.25,4.83
HITECHCORP,Hitech Corporation Ltd.,37.36,69.33,-15.92,-54.33,0,0,-0.92,0.23,-0.69
HITECHGEAR,The Hi-Tech Gears Ltd.,69.4,53.2,-35.04,-30.91,0,0,-12.75,25.6,12.85
HLVLTD,HLV Ltd.,9.6,35.4,16.41,-41.14,0,0,10.66,3.18,13.84
HMVL,Hindustan Media Ventures Ltd.,-63.39,52.64,32.11,-86.57,0,0,-1.82,5.11,3.29
HONAUT,Honeywell Automation Ltd.,438.01,409.88,-129.29,-102.03,11.69,0,190.25,290.68,480.93
HOVS,HOV Services Ltd.,3.58,2.1,0.61,-1.29,0,0,1.42,1.08,2.5
HPL,HPL Electric & Power Ltd.,42.75,93.99,-35.5,-65.04,0,0,-6.55,68.69,62.14
HSCL,Himadri Speciality Chemical Ltd.,271.81,53.25,-396.6,378.1,0,0,34.75,171.29,206.05
HTMEDIA,HT Media Ltd.,-208.75,-99.23,206,-110.99,0,0,-4.22,21.02,16.8
HUBTOWN,Hubtown Ltd.,-21.08,-58.81,128.19,-76.65,0,0,-7.27,-6.26,-13.53
HUDCO,Housing & Urban Development Corporation Ltd.,"2,289.41",-850.48,-352.6,690.92,0,0,-512.16,559.99,47.83
IBULHSGFIN,Indiabulls Housing Finance Ltd.,"1,105.81","1,766.91","2,582.87","-9,117.85",0,0,"-4,768.07","7,605.90","2,837.83"
ICICIBANK,ICICI Bank Ltd.,"42,421.23","7,690.32","-65,751.32","9,426.38",250.53,"-48,384.09","167,822.36","119,438.27",
ICICIGI,ICICI Lombard General Insurance Company Ltd.,"23,895.52","2,290.13","-1,685.08",-694.56,0,0,-89.51,292.64,203.13
ICICIPRULI,ICICI Prudential Life Insurance Company Ltd.,"43,562.22",87.65,"-1,146.95",-112.34,0.01,0,"-1,171.64","10,144.99","8,973.36"
ICIL,Indo Count Industries Ltd.,323.41,643.13,-463.92,-460.33,0,0,-281.12,346.57,65.46
IDEA,Vodafone Idea Ltd.,"-29,307.80","18,366.10","-4,966.00","-14,592.90",0,0,"-1,192.80","1,414.40",221.6
IDFCFIRSTB,IDFC First Bank  Ltd.,"2,437.13","3,599.65","-11,968.64","6,509.04",0,"-1,859.95","15,757.91","13,897.95",
IEX,Indian Energy Exchange Ltd.,388.66,-22.49,70.01,-214.79,0,0,-167.27,224.18,56.9
IFBAGRO,IFB Agro Industries Ltd.,69.66,34.2,-16.76,-6.85,0,0,10.59,160.35,170.94
IFBIND,IFB Industries Ltd.,34.4,106.75,-6.69,-93.17,0,0,6.89,64.79,71.68
IFGLEXPOR,IFGL Refractories Ltd.,85.29,62.47,-59.09,-3.39,0,0,-0.01,0.08,0.08
IGARASHI,Igarashi Motors Ltd.,5.24,34.03,-31.61,-3.56,0,0,-1.14,6.07,4.93
IGL,Indraprastha Gas Ltd.,"1,928.26","2,230.59",-841.36,"-1,358.62",0,0,30.61,75,105.61
IGPL,IG Petrochemicals Ltd.,268.62,233.63,-249.35,20.61,-0.01,0,4.89,-0.47,4.43
IITL,Industrial Investment Trust Ltd.,51.14,276.12,-273.77,-0.21,0,0,2.14,0.57,2.72
IMPAL,India Motor Parts and Accessories Ltd.,91.78,31.29,3.83,-32.79,0,0,2.33,12.24,14.57
IMPEXFERRO,Impex Ferro Tech Ltd.,-33.6,4.06,14.76,-22.49,0,0,-3.66,3.79,0.12
INCREDIBLE,Incredible Industries Ltd.,7.14,10.41,-2.58,-7.15,0,0,0.67,0,0.67
INDBANK,Indbank Merchant Banking Services Ltd.,5.09,0.03,-1.03,-0.89,0,0,-1.89,9.25,7.36
INDIACEM,India Cements Ltd.,-586.92,-10.62,429.45,-404.93,0,0,13.9,1.82,15.72
INDIAGLYCO,India Glycols Ltd.,122.7,325.91,-330.32,-0.42,0,0,-4.83,6.64,1.81
INDIAMART,Indiamart Intermesh Ltd.,345.3,463.61,-315.64,-143.14,0,0,4.83,45.28,50.11
INDIANB,Indian Bank,"5,282.00","-27,943.00",-297,"-1,543.00",0,"-29,783.00","79,916.00","50,133.00",
INDIANCARD,Indian Card Clothing Ltd.,5.68,2.93,-121.42,-30.87,0.02,0,-149.35,180.64,31.29
INDIANHUME,Indian Hume Pipe Company Ltd.,55.7,19.44,11.41,-62.28,0,0,-31.44,-104.7,-136.13
INDIGO,Interglobe Aviation Ltd.,-316.72,"12,703.14","-4,055.18","-8,432.46",16.65,0,232.15,"1,011.71","1,243.86"
INDNIPPON,India Nippon Electricals Ltd.,70.06,56.91,-32.52,-21.91,0,0,2.48,6.34,8.82
INDOCO,Indoco Remedies Ltd.,191.59,175.59,-205.31,22.81,0,0,-6.91,16.9,9.99
INDORAMA,Indo Rama Synthetics (India) Ltd.,-19.27,-65.8,-188.38,305.19,0,0,51.01,2.1,53.11
INDOTHAI,Indo Thai Securities Ltd.,-7.23,3.7,-3.82,0.4,0,0,0.27,1.28,1.55
INDSWFTLAB,Ind-Swift Laboratories Ltd.,105.85,182.67,-13.69,-168.41,0,0,0.58,9.38,9.96
INDSWFTLTD,Ind-Swift Ltd.,-34.54,73.05,-29.35,-46.56,0,0,-2.85,16.18,13.33
INDTERRAIN,Indian Terrain Fashions Ltd.,16.4,12.19,18.42,-33.12,0,0,-2.51,2.86,0.35
INFIBEAM,Infibeam Avenues Ltd.,181.5,178.37,-155.84,36.91,0,0,59.43,107.78,167.22
INFOBEAN,InfoBeans Technologies Ltd.,45.09,55.72,-49.75,-5.88,0,0,0.09,6.71,6.8
INFOMEDIA,Infomedia Press Ltd.,-2.46,-1.2,0,1.2,0,0,0,0.02,0.02
INFY,Infosys Ltd.,"23,268.00","19,169.00",821,"-25,857.00",131,0,"-5,736.00","12,270.00","6,534.00"
INGERRAND,Ingersoll Rand (India) Ltd.,182.64,148.06,-4.65,-161.7,-0.45,0,-18.74,291.69,272.95
INOXWIND,Inox Wind Ltd.,-315.22,-699.92,360.31,352.63,0,0,13.02,4.93,17.95
INSECTICID,Insecticides India Ltd.,83.61,-10.62,-86.71,79.73,0,0,-17.6,35.98,18.38
INTELLECT,Intellect Design Arena Ltd.,202.3,164.16,-153.86,-35.35,0.29,0,-24.77,70.33,45.56
INTENTECH,Intense Technologies Ltd.,12.29,-2.72,-9.37,1.88,0,0,-10.21,20.52,10.31
IOB,Indian Overseas Bank,"2,098.79","-15,619.37",-559.48,12.75,0,"-16,166.11","36,773.19","20,607.08",
IOC,Indian Oil Corporation Ltd.,"9,698.14","20,985.35","-25,285.63","3,953.69",0,0,-346.59,709.91,363.32
IOLCP,IOL Chemicals and Pharmaceuticals Ltd.,189.49,123.14,-119.19,-4.11,0,0,-0.16,1.12,0.96
IPCALAB,Ipca Laboratories Ltd.,750.49,762.29,-709.61,506.38,0,0,559.06,945.77,"1,504.83"
IRB,IRB Infrastructure Developers Ltd.,459.29,250.07,-25.7,-31.46,0,0,192.9,6.44,199.35
IRCON,Ircon International  Ltd.,883.19,-119.9,"1,309.71",-231.32,3.72,0,962.21,"1,206.20","2,168.41"
ISEC,ICICI Securities Ltd.,"1,495.31",-675.99,-124.74,265.99,0,0,-534.74,751.51,216.77
ISFT,Intrasoft Technologies Ltd.,1.17,-2.31,-5.61,8.48,0,0,0.56,0.1,0.66
ISMTLTD,ISMT Ltd.,157.31,94.3,34.39,-150.72,0,0,-22.03,47.7,25.67
ITC,ITC Ltd.,"24,750.41","17,911.70","-5,159.37","-12,730.43",0,0,21.9,184.98,206.88
ITDC,India Tourism Development Corporation Ltd.,86.12,-14.44,-4.01,0,-0.09,0,-18.54,41.72,23.18
ITDCEM,ITD Cementation India Ltd.,177.24,501.14,-437.44,31.04,0,0,94.73,289.82,384.55
ITI,ITI Ltd.,-360.1,-293.78,46.45,241.12,0,0,-6.21,15.57,9.36
IVC,ILandFS Investment Managers Ltd.,23.62,-7.85,5.15,-12.56,0,0,-15.26,15.48,0.21
IZMO,IZMO Ltd.,0.75,1.04,-0.18,0.69,0,0,1.55,1.52,3.08
JAGRAN,Jagran Prakashan Ltd.,298.57,254.64,253.6,-501.97,0,0,6.27,35.29,41.57
JAGSNPHARM,Jagsonpal Pharmaceuticals Ltd.,34.81,46.66,-57.67,-0.46,0,0,-11.47,22.53,11.05
JAIBALAJI,Jai Balaji Industries Ltd.,104.93,320.92,-117.58,-192.06,0,0,11.28,13.2,24.47
JAICORPLTD,Jai Corp Ltd.,21.72,76.65,-66.75,-14.13,0,0,-4.22,6.29,2.07
JAMNAAUTO,Jamna Auto Industries Ltd.,212.81,337.51,-95.82,-216.61,0,0,25.08,19.94,45.02
JAYBARMARU,Jay Bharat Maruti Ltd.,57.67,154.36,-64.98,-86.75,0,0,2.63,3.29,5.92
JAYNECOIND,Jayaswal Neco Industries Ltd.,34.1,738.96,-56.63,-792.19,0,0,-109.86,181.87,72.01
JBCHEPHARM,JB Chemicals and Pharmaceuticals Ltd.,527.04,628.64,-955.88,343.41,0.03,0,16.2,37.69,53.88
JBMA,JBM Auto Ltd.,165.97,61.77,-141.3,68.48,0,0,-11.05,26.87,15.82
JCHAC,Johnson Controls -Hitachi Air Conditioning India Ltd.,-105.19,-30.83,-43.13,65.48,0,0,-8.48,30.45,21.97
JHS,JHS Svendgaard Laboratories Ltd.,-19.72,20.21,9.14,-0.79,0,0,28.56,5.48,34.04
JIKIND,JIK Industries Ltd.,0.01,0,0,-0.01,0,0,-0.01,0.03,0.02
JINDALPHOT,Jindal Photo Ltd.,155.22,-0.51,0.5,0,0,0,-0.01,0.02,0.01
JINDALPOLY,Jindal Poly Films Ltd.,"1,963.15",-416.88,-508.66,953.16,0,-110,-82.38,89.07,6.69
JINDALSAW,Jindal Saw Ltd.,924.5,"1,337.75",-47.33,"-1,688.71",0.09,0,-398.2,438.73,40.53
JINDCOT,Jindal Cotex Ltd.,12.26,-3.6,13.57,-10.03,0,0,-0.06,0.1,0.04
JINDRILL,Jindal Drilling Industries Ltd.,151.02,64.09,-37.8,-23.08,0,0,3.21,96.76,99.96
JINDWORLD,Jindal Worldwide Ltd.,151.96,344.04,-22.72,-46.91,0,0,274.42,33.39,307.81
JISLJALEQS,Jain Irrigation Systems Ltd.,34.78,393.14,-40.11,-411.18,0,0,-58.14,109.23,51.09
JKCEMENT,J. K. Cement Ltd.,800.26,"1,537.97","-1,174.45",-369.11,0,0,-5.59,64.43,58.84
JKIL,J Kumar Infraprojects Ltd.,373.57,182.88,-186.25,-42.8,0,0,-46.17,111.04,64.87
JKLAKSHMI,JK Lakshmi Cement Ltd.,481.46,453.95,-48.19,-333.97,0,0,71.79,67.13,138.92
JMFINANCIL,JM Financial Ltd.,313.29,-264.72,400.49,-208.32,0,0,-72.55,80.1,7.55
JPPOWER,Jaiprakash Power Ventures Ltd.,226.7,767.52,108.8,-879.66,0,0,-3.34,61.68,58.34
JSL,Jindal Stainless Ltd.,"2,703.52","2,833.58","-2,366.67",-224.62,0,0,242.29,209.75,452.04
JSWENERGY,JSW Energy Ltd.,"1,029.61",974.71,"-5,384.17","4,496.10",0,0,86.64,252.8,339.44
JSWHL,JSW Holdings Ltd.,400.86,298.39,-297.57,0,0,0,0.82,0.32,1.14
JUBLFOOD,Jubilant Foodworks Ltd.,491.83,"1,051.91",-599.65,-447.17,0,0,5.09,10.23,15.32
JUSTDIAL,Just Dial Ltd.,188.03,178.8,-162.64,-23.08,0,0,-6.92,22.48,15.56
JWL,Jupiter Wagons Ltd.,205.19,72.9,-118.99,121.22,0,0,75.13,40.69,115.82
JYOTHYLAB,Jyothy Labs Ltd.,298.96,328.77,-48.21,-250.68,0,0,29.88,75.65,105.53
JYOTISTRUC,Jyoti Structures Ltd.,-4.06,-36,-10.53,-6.71,0,0,-53.24,83.54,30.31
KABRAEXTRU,Kabra Extrusion Technik Ltd.,54.85,-3.67,-28.87,34.3,0,0,1.77,0.16,1.92
KAJARIACER,Kajaria Ceramics Ltd.,463.41,217.66,-132.26,-109.83,0,0,-24.43,31.04,6.61
KAKATCEM,Kakatiya Cements Ltd.,-5.63,-37.94,-1.8,40.27,0,0,0.53,0.85,1.38
KALYANI,Kalyani Commercials Ltd.,4.41,-18.24,-0.56,18.78,0,0,-0.01,0.52,0.51
KALYANIFRG,Kalyani Forge Ltd.,5.09,-2.5,-5.85,7.51,0,0,-0.84,1.87,1.03
KANANIIND,Kanani Industries Ltd.,0.64,-6.94,0.03,6.87,0,0,-0.03,4.15,4.12
KANORICHEM,Kanoria Chemicals and Industries Ltd.,8.92,24.96,-42.45,13.91,0,0,-3.58,3.62,0.04
KANSAINER,Kansai Nerolac Paints Ltd.,650.36,386.19,-273.54,-88.87,0,0,23.78,66.44,90.22
KARURVYSYA,Karur Vysya Bank Ltd.,0,0,0,0,0,0,0,0,
KAUSHALYA,Kaushalya Infrastructure Development Corporation Ltd.,-1.64,-0.09,1,-0.91,0,0,0,0.09,0.08
KAVVERITEL,Kavveri Telecom Products Ltd.,32.18,-67.65,66.62,0.97,0,0,-0.06,0.28,0.23
KAYA,Kaya Ltd.,-85.49,47.31,-1.46,-31.78,0,0,14.06,1.65,15.71
KCP,KCP Ltd.,-31.21,91.75,-8.77,-84.72,0,0,-1.75,2.1,0.35
KDDL,KDDL Ltd.,89.24,40.21,-16.11,-32.41,0,0,-8.31,13.36,5.05
KECL,Kirloskar Electric Co Ltd.,25.88,9.51,-1.96,-31.6,0,0,-24.05,36.71,12.66
KEEPLEARN,DSJ Keep Learning Ltd.,0.34,0.63,-0.62,-0.15,0,0,-0.14,0.27,0.13
KEI,KEI Industries Ltd.,642.05,513.91,-137.13,-255.93,0.03,0,120.87,359.02,479.89
KELLTONTEC,Kellton Tech Solutions Ltd.,13.38,17.05,-2.43,-10.77,0,0,3.86,3,6.86
KERNEX,Kernex Microsystems (India) Ltd.,-19.38,-30.59,-4.26,48.06,0,0,13.21,18.92,32.14
KHADIM,Khadim India Ltd.,22.57,39.4,19.82,-62.8,0,0,-3.58,-85.77,-89.35
KHAITANLTD,Khaitan (India) Ltd.,0.68,7.48,0.01,-7.59,0,0,-0.09,0.41,0.32
KHANDSE,Khandwala Securities Ltd.,0.5,-7.24,-0.4,4.76,0,0,-2.88,8.97,6.09
KICL,Kalyani Investment Company Ltd.,56.46,0.3,-0.24,0,0,0,0.07,0.07,0.14
KILITCH,Kilitch Drugs (India) Ltd.,19.45,6.1,6.24,3.04,0,0,15.39,2.45,17.84
KINGFA,Kingfa Science & Technology Ltd.,109.59,27.24,-24.16,-21,0,0,-17.92,8.58,-9.33
KIOCL,KIOCL Ltd.,-122.76,-309.36,129.19,337.05,0,0,156.87,351.71,508.58
KIRIINDUS,Kiri Industries Ltd.,-135.92,50.36,2.72,-56.78,0,0,-3.71,4.18,0.47
KIRLOSENG,Kirloskar Oil Engines Ltd.,364.14,260.08,-155.62,-100.91,0,0,3.55,20.36,23.91
KIRLOSIND,Kirloskar Industries Ltd.,93.42,-65.65,90.12,-9.95,0,0,14.52,13.38,27.9
KITEX,Kitex Garments Ltd.,81.42,241.84,-243.27,-62.98,-0.77,0,-65.19,106.97,41.79
KKCL,Kewal Kiran Clothing Ltd.,157.07,75.09,-10.08,-55.18,0,0,9.83,144.64,154.47
KMSUGAR,KM Sugar Mills Ltd.,31.33,73.05,-105.43,29.81,0,0,-2.57,8.42,5.86
KOHINOOR,Kohinoor Foods Ltd.,-4.84,21.5,-0.12,-21.01,0,0,0.37,1.43,1.8
KOKUYOCMLN,Kokuyo Camlin Ltd.,35.14,27.48,-7.41,-18.83,0,0,1.24,7.01,8.25
KOTARISUG,Kothari Sugars and Chemicals Ltd.,54.85,45.12,-18.7,-15.14,0,0,11.28,-48.27,-37
KOTHARIPET,Kothari Petrochem Ltd.,55.21,26.22,-26.19,4.87,0,0,4.9,6.87,11.77
KPITTECH,KPIT Technologies Ltd.,280.16,203.91,-45.69,-131.89,-0.89,0,25.45,45.86,71.31
KRBL,KRBL Ltd.,940.88,-360.02,206.23,4.79,0,0,-149,191.16,42.16
KRIDHANINF,Kridhan Infra Ltd.,-50,1.14,0.34,-1.2,0,0,0.28,0.21,0.49
KRISHANA,Krishana Phoschem Ltd.,38.94,-32.77,-190.14,222.93,0,0,0.01,0.01,0.02
KSCL,Kaveri Seed Company Ltd.,277.25,290.81,-115.09,-176.66,0,0,-0.94,14.33,13.4
KSL,Kalyani Steels Ltd.,225.06,-125.73,153.14,-39.05,0,0,-11.64,22.15,10.51
KTKBANK,Karnataka Bank Ltd.,"1,180.24","1,830.08",-87.42,-19.95,0,"1,722.71","4,436.76","6,159.47",
LAOPALA,La Opala RG Ltd.,164.7,109.32,-68.88,-40.43,0,0,0,0.03,0.03
LASA,Lasa Supergenerics Ltd.,-22.37,-17.3,11.19,-4.16,0,0,-10.27,11.07,0.8
LAURUSLABS,Laurus Labs Ltd.,"1,051.43",881.55,-735.27,-185.19,0,0,-38.91,40.33,1.42
LAXMIMACH,Lakshmi Machine Works Ltd.,485.41,323.83,-244.54,-42.97,0,0,36.32,54.13,90.45
LCCINFOTEC,LCC Infotech Ltd.,-0.64,-0.01,0,0.23,0,0,0.22,0.23,0.45
LGBFORGE,LGB Forge Ltd.,-9.3,-9.07,-2.11,11.17,0,0,0,0.01,0.01
LIBAS,Libas Consumer Products Ltd.,1.79,-11.16,0.32,17.17,0,0,6.34,0.72,7.06
LIBERTSHOE,Liberty Shoes Ltd.,17.85,93.99,-55.68,-38.69,0.65,0,0.28,1.4,1.68
LICHSGFIN,LIC Housing Finance Ltd.,"3,557.00","-19,621.08",-820.96,"20,239.24",0,0,-202.8,822.19,619.39
LINC,Linc Ltd.,50.09,43.38,-29.03,-6.84,0,0,7.51,0.09,7.6
LINCOLN,Lincoln Pharmaceuticals Ltd.,100.46,39.16,-36.64,-4.5,0,0,-1.99,6.57,4.58
LOKESHMACH,Lokesh Machines Ltd.,14.51,31.63,-22,-9.59,0,0,0.04,0.18,0.22
LOTUSEYE,Lotus Eye Care Hospital Ltd.,5.65,4.39,-2.19,-1.71,0,0,0.49,8.79,9.28
LOVABLE,Lovable Lingerie Ltd.,-0.03,-5.85,3.92,2.6,0,0,0.68,0.62,1.3
LTTS,L&T Technology Services Ltd.,"1,557.50","1,258.80",-553.8,-432.4,0,0,272.6,179.9,452.5
LUMAXIND,Lumax Industries Ltd.,107.44,110.72,-93.32,-25.95,0,0,-8.56,15.53,6.97
LUXIND,Lux Industries Ltd.,198.19,182.01,-88.43,-118.86,0,0,-25.28,52.38,27.1
LYPSAGEMS,Lypsa Gems and Jewellery Ltd.,0,0,0,0,0,0,0,0,0
MAANALU,Maan Aluminium Ltd.,67.03,29.02,-10.17,-18.86,0,0,-0.01,0.1,0.09
MADHAV,Madhav Marbles and Granites Ltd.,0.65,3.04,-3.77,0.55,0,0,-0.18,0.34,0.16
MADHUCON,Madhucon Projects Ltd.,-15.62,177.92,0.76,-184.52,0,0,-5.84,10.58,4.74
MADRASFERT,Madras Fertilizers Ltd.,248.66,687.37,1.81,-320.06,0,0,369.12,0,369.12
MAGADSUGAR,Magadh Sugar & Energy Ltd.,77.09,114.79,-20.86,-94.02,0,0,-0.1,0.23,0.13
MAGNUM,Magnum Ventures Ltd.,26.67,99.12,-4.53,-95.5,0,0,-0.9,5.26,4.36
MAHABANK,Bank of Maharashtra,0,"-1,437.75",-177.24,227.93,0,"-1,387.06","19,915.97","18,528.91",
MAHASTEEL,Mahamaya Steel Industries Ltd.,6.01,1.77,-11.24,-5.28,0,0,-14.75,15.04,0.3
MAHESHWARI,Maheshwari Logistics Ltd.,18.12,38.39,-30.42,-7.91,0,0,0.06,16.15,16.21
MAHSCOOTER,Maharashtra Scooters Ltd.,193.08,208.77,-3.48,-205.15,0,0,0.14,0.22,0.36
MAITHANALL,Maithan Alloys Ltd.,563.05,957.82,-956.01,-13.03,0,0,-11.22,84.1,72.88
MALUPAPER,Malu Paper Mills Ltd.,-13.99,-9.16,-1.34,10.63,0,0,0.13,1.74,1.87
MANAKALUCO,Manaksia Aluminium Company Ltd.,9.1,13.3,-15.58,2.21,0,0,-0.07,0.17,0.1
MANAKCOAT,Manaksia Coated Metals & Industries Ltd.,7.43,7.8,-8,-4.06,0,0,-4.26,4.48,0.22
MANAKSTEEL,Manaksia Steels Ltd.,16.45,29.23,-66.88,35.34,0,0,-2.32,7.18,4.86
MANAPPURAM,Manappuram Finance Ltd.,"1,706.33",-298.38,-279.81,888.03,0,0,309.84,"1,562.86","1,872.70"
MANGALAM,Mangalam Drugs & Organics Ltd.,2.21,39.52,-22.17,-16.62,0,0,0.73,1.95,2.68
MANGCHEFER,Mangalore Chemicals and Fertilisers Ltd.,176.03,192.12,-243.01,-101.38,0,0,-152.27,482.07,329.8
MANGLMCEM,Mangalam Cement Ltd.,27.72,138.67,-63.59,-89.44,0,0,-14.35,65.14,50.78
MANINDS,Man Industries (India) Ltd.,89.65,-111.89,-126.06,187.22,0,0,-50.74,79.15,28.41
MANUGRAPH,Manugraph Industries Ltd.,-10.99,-5.84,16.73,-10.02,0,0,0.87,0.44,1.31
MARALOVER,Maral Overseas Ltd.,-18.36,15.61,-89.62,75.87,0.0,0.0,1.85,1.03,2.88
MARICO,Marico Ltd.,"1,492.00","1,002.00",-346,-676,0,0,-20,31,11
MARUTI,Maruti Suzuki India Ltd.,"10,159.10","9,228.00","-8,018.20","-1,208.40",0,0,1.4,32,33.4
MASKINVEST,Mask Investments Ltd.,0.08,-0.07,0.15,-0.11,0,0,-0.04,0.06,0.03
MASTEK,Mastek Ltd.,132.14,54.07,-7.34,-55.51,0,0,-8.78,15.7,6.92
MATRIMONY,Matrimony.com Ltd.,57.2,56.79,69.06,-124.8,0.01,0,1.06,2.78,3.83
MAWANASUG,Mawana Sugars Ltd.,19.34,108.72,-38.74,-75.82,0,0,-5.84,32.22,26.38
MAZDA,Mazda Ltd.,35.72,23.59,-14.61,-5.62,0,0,3.36,4.48,7.84
MBAPL,Madhya Bharat Agro Products Ltd.,176.17,-70.04,-65.31,141.35,0,0,6,0.01,6.01
MCLEODRUSS,Mcleod Russel (India) Ltd.,"-1,094.21",145.41,-32.93,-119.31,0,0,-6.82,18.34,11.52
MEGASOFT,Megasoft Ltd.,11.48,12.87,-146.53,103.19,0,0,-30.47,32.2,1.73
MENONBE,Menon Bearings Ltd.,32.66,50.09,-22.95,-22.76,0,0,4.38,8.79,13.17
MERCATOR,Mercator Ltd.,0.41,-2.21,1.57,-1.45,0,0,-2.09,2.29,0.2
MFSL,Max Financial Services Ltd.,19.25,-34.07,35.85,-1.76,0,0,0.02,0.38,0.4
MGL,Mahanagar Gas Ltd.,"1,055.54",969.3,-649.09,-284.79,0,0,35.42,82.48,117.9
MHRIL,Mahindra Holidays and Resorts India Ltd.,214.06,412.66,-378.96,-73.33,0,0,-39.63,56.48,16.85
MINDACORP,Minda Corporation Ltd.,225,374.8,-452.2,108.2,0,0,30.8,24.3,55.1
MINDTECK,Mindteck (India) Ltd.,19.55,10.45,6.19,-14.58,0,0,2.06,1.61,3.67
MIRZAINT,Mirza International Ltd.,34.13,68.55,-39.31,-30.29,0,0,-1.05,7.05,6
MMFL,MM Forgings Ltd.,174.85,114.17,-156.41,22.98,0,0,-19.27,224.01,204.74
MODIRUBBER,Modi Rubber Ltd.,11.26,-16.96,18.01,-0.3,0,0,0.75,2.15,2.9
MOHITIND,Mohit Industries Ltd.,-1.29,-4.73,0.98,3.73,0,0,-0.02,0.11,0.09
MOIL,MOIL Ltd.,331.63,212.07,-101.65,-122.11,0,0,-11.7,24.75,13.05
MOLDTECH,Mold Tek Technologies Ltd.,38.61,35.92,-11.35,-3.28,0,0,21.29,7.48,28.77
MOLDTKPAC,Mold-Tek Packaging Ltd.,102.72,158.98,-148.34,-9.88,0,0,0.76,4.12,4.88
MONTECARLO,Monte Carlo Fashions Ltd.,172.43,-5.12,-47.52,52.92,0,0,0.28,0.32,0.6
MORARJEE,Morarjee Textiles Ltd.,-185.38,7.5,-0.15,-21.69,0,0,-14.35,16.74,2.39
MOTHERSON,Samvardhana Motherson International Ltd.,909.2,289.1,-456.9,-251.5,7,0,-412.3,624.5,212.2
MOTOGENFIN,Motor and General Finance Ltd.,-1.63,1.04,0.22,-1.13,0,0,0.12,-0.12,0.01
MPHASIS,MphasiS Ltd.,"1,881.97","1,082.42",321.72,"-1,254.12",0,0,150.02,485.67,635.69
MRF,MRF Ltd.,"1,119.20","2,416.65","-1,927.85",-456.74,1.14,0,33.2,113.11,146.31
MRPL,Mangalore Refinery and Petrochemicals Ltd.,"2,638.39","6,364.38",-673.23,"-5,689.87",0,0,1.28,5.52,6.8
MSPL,MSP Steel & Power Ltd.,-60.28,81.03,-17.72,-100.69,0,0,-37.38,48.05,10.67
MTNL,Mahanagar Telephone Nigam Ltd.,"-2,910.74",55.35,-163.51,177.43,0,0,69.27,77.25,146.52
MUNJALSHOW,Munjal Showa Ltd.,31.90,6.44,0.16,-18.08,0.0,0.0,-11.48,16.80,5.32
MURUDCERA,Murudeshwar Ceramics Ltd.,7.37,42.4,-81.4,34.69,0,0,-4.31,6.05,1.74
NACLIND,Nacl Industries Ltd.,137.74,-9.63,-73.57,78.78,-0.2,0,-4.62,44.55,39.93
NAGREEKEXP,Nagreeka Exports Ltd.,0.4,20.23,0.83,-20.84,0,0,0.22,0.85,1.07
NAHARCAP,Nahar Capital and Financial Services Ltd.,30.94,-29.22,31.79,-2.64,0,0,-0.07,1.29,1.22
NAHARINDUS,Nahar Industrial Enterprises Ltd.,101.1,503.53,-54.96,-448.68,0,0,-0.12,0.65,0.52
NAHARPOLY,Nahar Poly Films Ltd.,0,0,0,0,0,0,0,0,0
NAHARSPING,Nahar Spinning Mills Ltd.,150.34,608.85,-256.67,-303.06,0,0,49.12,3.75,52.87
NATCOPHARM,Natco Pharma Ltd.,770.7,784.4,-436.6,-346.8,0,0,1,5.9,6.9
NATHBIOGEN,Nath Bio-Genes Ltd.,36.32,38.37,-2.88,-1.67,0,0,33.82,4.17,37.98
NATIONALUM,National Aluminium Company Ltd.,"1,544.49",908.24,-334.25,-923.5,0,0,-349.51,412.8,63.29
NAUKRI,Info Edge India Ltd.,910.68,787.52,-546.66,-214.12,0,0,26.73,86.01,112.74
NAVKARCORP,Navkar Corporation Ltd.,109.74,125.58,648.29,-685.38,0,0,88.49,2.99,91.48
NAVNETEDUL,Navneet Education Ltd.,340.14,29.18,-144.93,107.85,0,0,-7.9,18.91,11.01
NBIFIN,NBI Industrial Finance Company Ltd.,7.88,5.74,-11.82,0,0,0,-6.07,6.1,0.03
NCC,NCC Ltd.,784.96,873.13,-132.38,-748.73,0,0,-7.98,235.39,227.41
NCLIND,NCL Industries Ltd.,90.39,210.56,-103.07,-82.82,0,0,24.66,10.67,35.33
NDGL,Naga Dhunseri Group Ltd.,8.69,-1.39,-0.22,-0.56,0,0,-2.16,2.7,0.53
NDL,Nandan Denim Ltd.,7.55,140.96,-21.08,-145.36,0,0,-25.47,28.65,3.17
NDLVENTURE,NDL Ventures Ltd.,0.27,74.87,-54,-13.47,0,0,7.4,0,7.4
NECCLTD,North Eastern Carrying Corporation Ltd.,9.55,-14.41,-3.19,18.08,0,0,0.48,7.66,8.15
NECLIFE,Nectar Lifesciences Ltd.,-40.69,133.37,52.03,-185.57,0,0,-0.17,17.74,17.57
NELCAST,Nelcast Ltd.,40.32,80.44,-23.38,-70.54,0,0,-13.49,-51.14,-64.62
NEOGEN,Neogen Chemicals Ltd.,71.11,-30.35,-94.46,100.29,0,0,-24.52,45.22,20.7
NESCO,NESCO Ltd.,366.97,296.7,-264.92,-23.66,0,0,8.13,3.77,11.89
NEWGEN,Newgen Software Technologies Ltd.,207.17,92.94,-58.32,-42.15,0,0,-7.53,53.79,46.26
NFL,National Fertilizers Ltd.,609.77,-335.36,-203.52,525.61,0,0,-13.27,25.73,12.46
NH,Narayana Hrudayalaya Ltd.,265.64,516.26,-621.23,64.77,0,0,-40.2,110.45,70.25
NIACL,New India Assurance Company Ltd.,"44,812.58","-5,845.69","5,368.75",-49.3,302.77,0,-223.47,"12,487.84","12,264.37"
NIBL,NRB Industrial Bearings Ltd.,-13.12,3.75,-1.76,-7.66,0,0,-5.68,5.84,0.16
NILAINFRA,Nila Infrastructures Ltd.,2.88,58.28,-3.11,-53.82,0,0,1.36,0.29,1.65
NILKAMAL,Nilkamal Ltd.,163.29,194.06,-173.89,-71.6,0,0,-51.43,58.21,6.78
NITCO,Nitco Ltd.,-151.26,2.76,-0.45,-3.43,0,0,-1.12,11.67,10.55
NITINSPIN,Nitin Spinners Ltd.,175.88,193.76,-433.4,239.45,0,0,-0.19,0.26,0.07
NKIND,NK Industries Ltd.,-1.91,0.77,-0.62,-0.38,0,0,-0.23,1.43,1.2
NOCIL,NOCIL Ltd.,200.7,277.56,-214.04,-53.76,-0.03,0,9.73,11.55,21.28
NORBTEAEXP,Norben Tea and Exports Ltd.,0.34,1.01,-1.46,0.53,0,0,0.08,0.1,0.18
NRAIL,NR Agarwal Industries Ltd.,147.74,129,-96.4,-24.64,0,0,7.97,0.06,8.03
NRBBEARING,NRB Bearings Ltd.,113.8,36.64,-35.19,-12.76,0.17,0,-11.14,50.65,39.51
NTPC,NTPC Ltd.,"24,067.09","35,398.57","-14,062.76","-21,450.16",0,0,-114.35,117.48,3.13
NUCLEUS,Nucleus Software Exports Ltd.,173.39,51.92,-13.26,-21.32,0.33,0,17.67,15.13,32.8
OAL,ORIENTAL AROMATICS Ltd.,28.45,-21.29,-53.44,78.06,0,0,3.33,6.26,9.59
OCCL,Oriental Carbon and Chemicals Ltd.,57.49,90.66,-38.25,-52.4,0,0,0.01,0.47,0.47
OFSS,Oracle Financial Services Software Ltd.,"2,343.20","1,505.74",161.03,"-1,650.70",5.84,0,21.91,118.93,140.83
OIL,Oil India Ltd.,"8,857.04","7,660.43","-3,592.76","-4,220.14",0,0,-152.47,398.95,246.48
OILCOUNTUB,Oil Country Tubular Ltd.,85.98,169.12,0,-168.99,0,0,0.12,0.14,0.26
OLECTRA,Olectra Greentech Ltd.,91.11,1.61,13.49,-28.15,0,0,-13.05,17.91,4.86
ONGC,Oil and Natural Gas Corporation Ltd.,"38,828.87","79,120.99","-55,648.49","-23,445.41",0,0,27.09,50.11,77.19
ONWARDTEC,Onward Technologies Ltd.,21.73,3.93,5.24,-15.12,0,0,-5.95,39.46,33.51
OPTIEMUS,Optiemus Infracom Ltd.,42.65,3.86,10.9,-18.21,0,0,-3.45,5.97,2.52
ORBTEXP,Orbit Exports Ltd.,39.78,49.96,-19.28,-31.14,0,0,-0.46,1.49,1.04
ORIENTALTL,Oriental Trimex Ltd.,-5.22,-0.62,0.21,0.8,0,0,0.39,0.05,0.45
ORIENTBELL,Orient Bell Ltd.,29.13,34.35,-20.99,-13.36,0,0,0,3.23,3.23
ORIENTELEC,Orient Electric Ltd.,101.94,189.73,-109.94,-66.13,0,0,13.66,149.98,163.64
ORIENTPPR,Orient Paper and Industries Ltd.,147.66,61.77,-97.56,34.73,0,0,-1.06,3.9,2.84
ORISSAMINE,Orissa Minerals Development Company Ltd.,-16.54,-60.38,47.98,-24.43,0,0,-36.82,43.28,6.45
OSWALGREEN,Oswal Greentech Ltd.,58.25,-145.12,186.47,-41.63,0,0,-0.27,0.83,0.56
PAGEIND,Page Industries Ltd.,758.1,-1.61,30.78,-174.08,0,0,-144.92,88.97,-55.95
PAISALO,Paisalo Digital Ltd.,308.77,-347.48,-5.07,371.23,0,0,18.69,9.56,28.25
PALASHSECU,Palash Securities Ltd.,4.68,2.68,-0.2,0,0,0,2.48,0.41,2.89
PANACHE,Panache Digilife Ltd.,2.31,-3.23,-3.63,-9,0,0,-15.86,-12.5,-28.36
PANAMAPET,Panama Petrochem Ltd.,242.15,144.2,-77.46,-64.41,-0.1,0,2.23,45.96,48.19
PARACABLES,Paramount Communications Ltd.,47.77,11.1,-16.34,21.84,0,0,16.59,1.39,17.97
PARAGMILK,Parag Milk Foods Ltd.,67.19,-179.44,-82.46,195.68,0,0,-66.22,79.25,13.03
PARASPETRO,Paras Petrofils Ltd.,0.34,0.05,0.02,0,0,0,0.07,0.06,0.13
PATANJALI,Patanjali Foods Ltd.,"1,178.96",-339.34,526.12,241.36,0,0,428.14,374.96,803.1
PATELENG,Patel Engineering Company Ltd.,155.56,545.76,-139.02,-445.13,0,0,-38.39,191.55,153.16
PATINTLOG,Patel Integrated Logistics Ltd.,4.64,-4.36,0.93,23.25,0,0,19.82,-8.83,10.99
PCBL,PCBL Ltd.,584.83,721.79,-508.4,-280.57,0,0,-67.18,103.97,36.79
PCJEWELLER,PC Jeweller Ltd.,-244.84,96.35,37.77,-114.68,0,0,19.44,20.8,40.24
PDMJEPAPER,Pudumjee Paper Products Ltd.,79.67,16.43,18.16,-30.7,0,0,3.89,5.87,9.76
PDSL,PDS Ltd.,93.25,87.46,44.74,-91.34,0,0,40.85,18.76,59.62
PEARLPOLY,Pearl Polymers Ltd.,-8.03,-4.78,-1.41,-0.26,0,0,-6.45,8.1,1.65
PENIND,Pennar Industries Ltd.,59.58,116.64,-3.86,-105.68,0,0,7.1,16,23.1
PERSISTENT,Persistent Systems Ltd.,"1,050.27",519.83,-110.07,-345.65,3.17,0,67.28,56.37,123.65
PETRONET,Petronet LNG Ltd.,"4,334.54","2,519.89","-1,136.71","-2,368.06",0,0,-984.88,"1,047.20",62.32
PFC,Power Finance Corporation Ltd.,"14,170.62","-35,740.75",-713.97,"35,755.95",0,0,-698.77,720.91,22.14
PFIZER,Pfizer Ltd.,824.01,355.68,-36.05,-345.79,0,0,-26.16,62.76,36.6
PFOCUS,Prime Focus Ltd.,-13.92,1.91,30.96,-38.38,0,0,-5.51,6.7,1.19
PGEL,PG Electroplast Ltd.,56.88,141.51,-51.11,-100.67,0,0,-10.28,13.99,3.71
PGHH,Procter and Gamble Hygiene and Health Care Ltd.,839.47,825.77,-9.91,-477.01,0,0,338.85,624.98,963.83
PGIL,Pearl Global Industries Ltd.,61.67,90.77,37.3,-103.88,0,0,24.19,43.22,67.41
PIIND,PI Industries Ltd.,"1,421.70","1,502.10",-576.4,-430.5,0,0,495.2,309.5,804.7
PILANIINVS,Pilani Investment and Industries Corporation Ltd.,221.08,431.32,-22.26,-412.16,0,0,-3.1,4.4,1.3
PILITA,Pil Italica Lifestyle  Ltd.,4.07,5.45,-3.67,-0.96,0,0,0.82,0.07,0.89
PIONEEREMB,Pioneer Embroideries Ltd.,12.33,10.28,-65.04,60.21,0,0,5.45,1.33,6.78
PITTIENG,Pitti Engineering Ltd.,79.9,222.17,-103.71,-86.39,0,0,32.07,7.63,39.7
PKTEA,Peria Karamalai Tea and Produce Company Ltd.,-3.16,-29.46,42.42,-3.39,0,0,9.56,2.5,12.06
PLASTIBLEN,Plastiblends India Ltd.,36.49,72.31,-26.18,-45.27,0,0,0.87,0.93,1.79
PNB,Punjab National Bank,"4,288.27","21,779.97",-682.24,"1,364.30",0,"22,462.04","132,646.77","155,108.81",
PNC,Pritish Nandy Communications Ltd.,-4.09,-2.17,-0.24,0.3,0,0,-2.11,2.14,0.03
PODDARMENT,Poddar Pigments Ltd.,36.89,15.55,-0.47,-6.64,0,0,8.43,1.04,9.47
POLYMED,Poly Medicure Ltd.,236.83,194.86,-187.22,-7.89,0,0,-0.25,0.63,0.38
POLYPLEX,Polyplex Corporation Ltd.,321.49,158.2,225.29,-385.67,0,0,-2.19,16.6,14.41
PONNIERODE,Ponni Sugars (Erode) Ltd.,47.62,11.37,0.69,-5.06,0,0,7,1.1,8.1
POONAWALLA,Poonawalla Fincorp Ltd.,766.57,"-4,072.68",-4.65,"4,343.51",0,0,266.18,335.2,601.38
POWERGRID,Power Grid Corporation of India Ltd.,"17,214.69","35,268.25","-4,315.83","-29,263.65",0,0,"1,688.77","2,457.47","4,146.24"
POWERMECH,Power Mech Projects Ltd.,281.84,158.81,-90.92,-99.48,0,0,-31.59,71.45,39.86
PPAP,PPAP Automotive Ltd.,9.01,39.56,-49.92,10.54,0,0,0.18,0.23,0.41
PPL,Prakash Pipes Ltd.,89.48,42.49,15.58,0.5,0,0,58.57,32.12,90.69
PRAENG,Prajay Engineers Syndicate Ltd.,-7.28,3.1,-0.11,0.38,0,0,3.36,2.56,5.92
PRAKASHSTL,Prakash Steelage Ltd.,3.09,6.09,-0.53,-5.16,0,0,0.4,0.37,0.77
PRAXIS,Praxis Home Retail Ltd.,-21.01,74.42,-10.2,-68.92,0,0,-4.71,6.49,1.79
PRECAM,Precision Camshafts Ltd.,83.41,67.43,-51.21,-17.17,0,0,-0.95,6.39,5.44
PRECOT,Precot Ltd.,-34.52,49.23,-30.05,-23.36,0,-0.61,-4.79,10.65,5.85
PRECWIRE,Precision Wires India Ltd.,81.28,76.66,10,-53.44,0,0,33.23,45.02,78.25
PREMEXPLN,Premier Explosives Ltd.,8.96,19.61,-15.57,-4.1,0,0,-0.07,0.42,0.36
PREMIER,Premier Ltd.,-13.65,1.03,0.2,8.3,0,0,9.53,5.77,15.3
PREMIERPOL,Premier Polyfilm Ltd.,15.2,12.44,-17.1,1.55,0,0,-3.11,-9.3,-12.41
PRESTIGE,Prestige Estates Projects Ltd.,415,705.9,"-1,352.90",441.6,0,0,-205.4,472.6,267.2
PRICOLLTD,Pricol Ltd.,131.25,147.98,-69.89,-63.37,0,0,14.72,0.62,15.34
PRIMESECU,Prime Securities Ltd.,9.11,-8.12,2.32,-0.8,0,0,-6.6,7.24,0.64
PRIVISCL,Privi Speciality Chemicals Ltd.,31.27,54.69,-140.8,69.94,0.05,0,-16.12,26.37,10.25
PRUDMOULI,Prudential Sugar Corporation Ltd.,2.72,-5.97,0,3.89,0,0,-2.08,2.85,0.77
PSPPROJECT,PSP Projects Ltd.,180.14,43.09,-48.37,11.55,0,0,6.26,87.59,93.85
PTC,PTC India Ltd.,481.44,"1,302.46",-24.22,"-1,231.45",0,0,46.79,868.59,915.38
PTL,PTL Enterprises Ltd.,53.34,42.6,3.78,-51.78,0,0,-5.39,6.24,0.85
PUNJABCHEM,Punjab Chemicals & Crop Protection Ltd.,88.72,56.69,-36.48,-19.68,0,0,0.53,6.92,7.45
PVRINOX,PVR INOX Ltd.,-207.02,903.02,-629.07,-692.43,0,237.38,-181.1,489.67,308.57
QUICKHEAL,Quick Heal Technologies Ltd.,9.29,30.99,187.5,-212.17,0,0,6.32,3.97,10.29
RADAAN,Radaan Mediaworks India Ltd.,-1.73,-1.48,-0.68,2.23,0,0,0.07,0.13,0.21
RADICO,Radico Khaitan Ltd.,274.78,223.83,-684.1,481.83,0,0,21.56,99.99,121.55
RAJSREESUG,Rajshree Sugars and Chemicals Ltd.,20.73,15.54,46.73,-62.92,0,0,-0.64,2.53,1.89
RAJTV,Raj Television Network Ltd.,1.65,30.8,-23.8,-7.01,0,0,-0.02,2.48,2.46
RALLIS,Rallis India Ltd.,128.07,216.82,-142.11,-41.04,0,0,33.67,10.49,44.16
RAMANEWS,Shree Rama Newsprint Ltd.,-120.11,29.96,2.04,-32.02,0,0,-0.02,0.08,0.06
RAMASTEEL,Rama Steel Tubes Ltd.,22.49,-47.63,-44.48,94.45,0,0,2.34,1.32,3.66
RAMCOCEM,The Ramco Cements Ltd.,473.69,"1,405.00","-1,686.93",274.48,0,0,-7.45,176.04,168.59
RAMCOIND,Ramco Industries Ltd.,103.94,-37.01,-16.41,55.69,0,0,2.27,6.55,8.81
RAMCOSYS,Ramco System Ltd.,-126.15,-18.19,-82.59,151.82,-0.23,0,50.81,3.09,53.89
RANASUG,Rana Sugars Ltd.,82.48,-83.79,-98.14,169.79,0,0,-12.14,42.51,30.37
RANEENGINE,Rane Engine Valves Ltd.,0.16,20.61,-19.30,5.74,0.0,0.0,7.05,0.91,7.96
RANEHOLDIN,Rane Holdings Ltd.,48.3,54.19,-14.55,-37.44,0,0,2.2,0.34,2.54
RATNAMANI,Ratnamani Metals and Tubes Ltd.,693.84,317.39,-243,-83.23,-0.18,0,-9.03,42.48,33.45
RBL,Rane Brake Linings Ltd.,44.58,49.34,-47.96,-15.64,0,0,-14.26,21.01,6.75
RBLBANK,RBL Bank Ltd.,"1,180.51","-11,044.09",-222.56,"2,238.94",0,"-9,027.70","17,547.69","8,519.99",
RCF,Rashtriya Chemicals and Fertilisers Ltd.,"1,273.98",787.01,-315.53,"-1,559.91",0,0,"-1,088.43","1,099.73",11.3
RECLTD,REC Ltd.,"13,738.77","-37,481.66",-803.87,"38,110.54",0,0,-174.99,126.4,-48.59
REDINGTON,Redington Ltd.,"1,071.88","-2,086.84",350.7,"1,048.46",0,0,-687.68,873.18,185.5
REFEX,Refex Industries Ltd.,156.39,27.91,-77.66,59.64,0,0,9.89,0.29,10.18
REGENCERAM,Regency Ceramics Ltd.,-15.64,13.47,-13.47,0.2,0,0,0.21,0.12,0.33
RELIANCE,Reliance Industries Ltd.,"55,572.00","48,050.00",-584,"-7,369.00",0,"-5,000.00","35,097.00","21,714.00","56,811.00"
RELINFRA,Reliance Infrastructure Ltd.,"-3,203.90",531.78,-2.7,-280.17,0,0,248.91,58.93,307.84
REMSONSIND,Remsons Industries Limited,10.58,12.89,-6.87,-6.59,0,0,-0.58,0.82,0.24
RENUKA,Shree Renuka Sugars Ltd.,-122.71,856.65,-344.74,-453.14,0,0,58.77,11.39,70.15
REPCOHOME,Repco Home Finance Ltd.,400.76,-362.86,159.6,205.07,0,0,1.81,452.62,454.43
REPRO,Repro India Ltd.,6.84,19.63,-18.15,-2.38,0,0,-0.9,1.97,1.07
RESPONIND,Responsive Industries Ltd.,14.3,48.75,-2.44,-46.35,0,0,-0.04,0.77,0.74
RGL,Renaissance Global Ltd.,27.45,83.67,-2.36,-69.96,0,0,11.34,32.38,43.72
RHFL,Reliance Home Finance Ltd.,"9,013.79","4,103.02",103.21,"-4,035.08",0,-208.02,-36.87,54.41,17.54
RHIM,RHI Magnesita India Ltd.,-344.85,351.01,-768.4,481.24,0,0,63.85,55.64,119.49
RIIL,Reliance Industrial Infrastructure Ltd.,17.76,22.82,-18.61,-4.62,0,0,-0.41,1.55,1.14
RITES,RITES Ltd.,708.54,471.47,4.11,-438.39,2.65,175.81,215.65,802.47,"1,018.12"
RKDL,Ravi Kumar Distilleries Ltd.,-2.18,-8.71,-0.01,8.56,0,0,-0.16,0.24,0.08
RML,Rane Madras Ltd.,126.54,129.62,-172.64,50.37,0,0,7.35,6.54,13.89
ROHLTD,Royal Orchid Hotels Ltd.,38.47,22.16,5.95,-21.64,0,0,6.48,8.44,14.91
ROSSELLIND,Rossell India Ltd.,30.96,25.37,-40.35,13.68,0,0,-1.3,1.77,0.47
RPGLIFE,RPG Life Sciences Ltd.,91.68,90.82,-105.81,-17.13,0,0,-32.12,56.94,24.82
RPOWER,Reliance Power Ltd.,654.71,-9.94,-1.7,10.62,0,0,-1.02,3.11,2.09
RPPINFRA,RPP Infra Projects Ltd.,38.76,37.55,-12.03,-29.65,0,0,-4.13,41.52,37.39
RPSGVENT,RPSG VENTURES Ltd.,131.47,74.69,-150.21,47.58,0,0,-27.94,61.51,33.57
RSSOFTWARE,RS Software (India) Ltd.,-4.07,-9.11,6.54,-0.31,0,0,-2.88,10.04,7.16
RSWM,RSWM Ltd.,138.28,88.92,-238.86,147.27,0,0,-2.67,5.88,3.21
RTNPOWER,RattanIndia Power Ltd.,353.02,"1,024.28",-15.68,-978.42,0,0,30.18,148.55,178.73
RUBYMILLS,Ruby Mills Ltd.,43.7,125.27,-0.71,-46.99,0,0,77.57,3.38,80.95
RUCHIRA,Ruchira Papers Ltd.,90.65,61.93,-36,-25.67,0,0,0.25,0.55,0.8
RUSHIL,Rushil Decor Ltd.,101.25,114.88,-76.09,-38.8,0,0,-0.01,0.52,0.51
RVNL,Rail Vikas Nigam Ltd.,"1,644.38","-4,080.06","1,353.66","-1,036.01",0,0,"-3,762.41","4,569.94",807.53
SABEVENTS,SAB Events & Governance Now Media Ltd.,-0.99,-0.39,-5.1,5.46,0,0,-0.04,0.06,0.02
SABTN,Sri Adhikari Brothers Television Ltd.,-21.27,0.13,0,0,0,0,0.13,0.09,0.22
SADBHAV,Sadbhav Engineering Ltd.,-343.86,20.63,134.17,-166,0,0,-11.2,14.35,3.15
SADBHIN,Sadbhav Infrastructure Projects Ltd.,-397.01,21.11,80.55,-152.33,0,0,-50.67,54.06,3.4
SAGARDEEP,Sagardeep Alloys Ltd.,0.78,1.18,1.27,-7.42,0,0,-4.97,5.02,0.05
SAGCEM,Sagar Cements Ltd.,63.48,127,134.9,-281.35,0,0,-19.45,140.47,121.02
SAIL,Steel Authority of India Ltd.,"2,636.91","-5,406.49","-3,233.54","8,586.71",0,0,-53.32,59.76,6.44
SAKAR,Sakar Healthcare Ltd.,16.88,33.34,-74.38,41.1,0,0,0.06,0.03,0.09
SAKHTISUG,Sakthi Sugars Ltd.,370.46,106.67,120.75,-237.98,0,0,-10.55,17.27,6.72
SAKUMA,SAKUMA EXPORTS LTD. Ltd.,33.62,87.99,1.17,-76.92,0,0,12.24,5.29,17.52
SALASAR,Salasar Techno Engineering Ltd.,53.82,-3.84,-70.54,74.6,0,0,0.22,0.12,0.34
SALONA,Salona Cotspin Ltd.,20.26,-5.01,-3.39,8.39,0,0,-0.01,0.07,0.06
SALSTEEL,SAL Steel Ltd.,5.52,8.36,-2.12,-6.97,0,0,-0.74,1.64,0.9
SALZERELEC,Salzer Electronics Ltd.,36.36,23.06,-32.44,13.99,0,0,4.61,8.04,12.65
SAMPANN,Sampann Utpadan India Ltd.,-2.23,-0.78,-3.49,4.28,0,0,0,0.07,0.07
SANDESH,Sandesh Ltd.,134.12,96.32,-112.55,-4.03,0,0,-20.27,69.56,49.3
SANDHAR,Sandhar Technologies Ltd.,113.95,246.61,-87.02,-159.7,0,0,-0.11,0.24,0.13
SANGAMIND,Sangam (India) Ltd.,161.49,193.46,-332.46,145.67,0,0,6.67,21.26,27.93
SANGHIIND,Sanghi Industries Ltd.,-325.7,-25.15,29.17,-3.24,0,0,0.78,0.14,0.92
SANGHVIMOV,Sanghvi Movers Ltd.,148.9,257.35,-237.03,-15.19,0,0,5.13,7.17,12.29
SANGINITA,Sanginita Chemicals Ltd.,0.55,13.7,-0.73,-12.96,0,0,0.01,0.01,0.03
SARDAEN,Sarda Energy and Minerals Ltd.,846.77,379.86,-164.82,-227.3,0,0,-12.26,14.58,2.32
SAREGAMA,Saregama India Ltd.,243.18,94.15,-148.01,-75.24,0,-5,-134.09,147.06,12.97
SARLAPOLY,Sarla Performance Fibers Ltd.,39.66,106.15,-54.08,-51.2,0,0,0.87,2.74,3.61
SATIA,Satia Industries Ltd.,183.52,282.1,-194.41,-88.27,0,0,-0.58,0.99,0.41
SBILIFE,SBI Life Insurance Company Ltd.,"67,342.92","28,656.05","-30,203.00",-415.1,0,0,"-1,962.05","10,884.62","8,922.57"
SBIN,State Bank of India,"67,205.63","-91,351.82","-3,297.04","5,201.76","2,794.39","-86,652.70","394,552.32","307,899.62",
SCI,Shipping Corporation of India Ltd.,732.98,"1,466.19",-520.28,-929.94,18.28,0,34.25,282.96,317.21
SEAMECLTD,Seamec Ltd.,35.2,97.37,-44.59,-14.43,0,0,38.35,18.42,56.77
SECURKLOUD,Securekloud Technologies Ltd.,-2.73,4.77,-1.32,-3.45,0,0,0,0.14,0.14
SELAN,Selan Exploration Technology Ltd.,40.24,69.26,-71.78,-0.38,0,0,-2.89,3.53,0.63
SEPC,SEPC Ltd.,18.9,21.15,12.48,-6.26,0,0,27.37,5.48,32.85
SESHAPAPER,Seshasayee Paper and Boards Ltd.,516.14,328.46,-371.76,-22.35,0,0,-65.65,116.12,50.47
SETCO,Setco Automotive Ltd.,1.46,2.31,-1.66,0,0,0,0.65,0.27,0.93
SEYAIND,Seya Industries Ltd.,-24.68,0.65,-4.3,3,0,0,-0.65,1.55,0.9
SFL,Sheela Foam Ltd.,260.67,148.09,-143.41,-8.57,0,0,-3.89,14.31,10.43
SGL,STL Global Ltd.,0.32,10.96,-1.28,-9.72,0,0,-0.04,0.14,0.1
SHAH,SHAH METACORP Ltd.,-0.29,-0.34,-6.63,35.28,0,0,28.31,0.33,28.64
SHAHALLOYS,Shah Alloys Ltd.,6.2,45.48,0.3,-45.79,0,0,-0.02,0.24,0.23
SHALPAINTS,Shalimar Paints Ltd.,-36.11,-47.92,-83.78,-6.87,0,0,-138.57,159.73,21.16
SHANTIGEAR,Shanthi Gears Ltd.,67.05,62.95,-26.17,-23.01,0,0,13.77,1.32,15.09
SHARDACROP,Sharda Cropchem Ltd.,411.3,140.18,-1.75,-98.1,0.68,0,41.01,42.92,83.93
SHARDAMOTR,Sharda Motor Industries Ltd.,275.31,-200.34,190.49,-26.57,0,0.28,-36.14,193.4,157.26
SHEMAROO,Shemaroo Entertainment Ltd.,12.55,-16.95,-28.24,45.21,0,0,0.01,0.06,0.08
SHILPAMED,Shilpa Medicare Ltd.,12.68,2.08,-94.8,87.68,0,0,-5.04,7.13,2.1
SHIVAMAUTO,Shivam Autotech Ltd.,-33.97,64.81,-0.96,-7.01,0,0,56.83,1.09,57.92
SHIVAMILLS,Shiva Mills Ltd.,-7.47,27.38,-8.35,-9.92,0,0,9.12,1.95,11.06
SHIVATEX,Shiva Texyarn Ltd.,-3.54,67.18,-5.58,-63.85,0,-6.87,-9.13,9.85,0.72
SHK,S H Kelkar & Company Ltd.,76.59,-11.17,-24.02,32.59,0,0,-2.6,9.91,7.31
SHOPERSTOP,Shoppers Stop Ltd.,162.11,562.18,-51.99,-537.18,0,0,-26.99,11.74,-15.25
SHREECEM,Shree Cements Ltd.,"1,558.64","2,704.32","-2,408.88",-315.06,0,0,-19.62,-5.47,-25.09
SHREERAMA,Shree Rama Multi Tech Ltd.,7.17,2.67,-3.56,1.55,0,0,0.66,0.13,0.79
SHREYANIND,Shreyans Industries Ltd.,93.73,90.36,-62.74,-27.59,0,0,0.02,0.2,0.22
SHREYAS,Shreyas Shipping Ltd.,199.29,231.27,-498.07,226.83,-0.03,0,-40,62.36,22.36
SHRIPISTON,Shriram Pistons & Rings Ltd.,295.56,399.16,-225.33,57.6,0,0,231.42,277.28,508.71
SHRIRAMFIN,Shriram Finance Ltd.,"8,184.89","-15,841.33",-180.06,"9,646.84",0,"5,217.41","-1,157.14","10,662.44","9,505.30"
SHYAMCENT,Shyam Century Ferrous Ltd.,36.66,54.18,-14.62,-39.62,0,0,-0.06,0.15,0.1
SHYAMTEL,Shyam Telecom Ltd.,-4.7,-0.06,0.03,0,0,0,-0.02,0.16,0.14
SIEMENS,Siemens Ltd.,"2,545.10","1,179.40",-658.8,-440.2,-0.2,0,80.2,902.4,982.6
SIGIND,Signet Industries Ltd.,19.13,50.68,-5.56,-43.99,0,0,1.13,0.66,1.79
SIMPLEXINF,Simplex Infrastructures Ltd.,-860.22,-348.3,36.66,344.26,0.16,0,32.78,20.26,53.04
SIRCA,Sirca Paints India Ltd.,62.11,-18.69,9.38,-5.52,0,0,-14.84,45.18,30.34
SIYSIL,Siyaram Silk Mills Ltd.,331.58,235.36,-112.86,-122.52,0,0,-0.02,3.52,3.5
SJVN,SJVN Ltd.,"1,732.13","1,576.12","-1,805.41",352.3,0,0,123.01,-291.04,-168.03
SKFINDIA,SKF India Ltd.,732.93,690.23,-44.92,-78.55,0,0,566.76,388.52,955.28
SKIPPER,Skipper Ltd.,47.08,284.19,-97.94,-185.26,0,0,1,1.12,2.11
SMSPHARMA,SMS Pharmaceuticals Ltd.,5.55,22.45,-29.69,-31.97,0,0,-39.21,46.58,7.38
SNOWMAN,Snowman Logistics Ltd.,21.5,86.46,-41.87,-58.02,0,0,-13.43,15.79,2.36
SOMANYCERA,Somany Ceramics Ltd.,121.92,118.64,-26.69,-66.08,0,0,25.87,83.81,109.67
SUMIT,Soma Textiles and Industries Ltd.,-2.16,170.23,20.26,-232.59,0,0,-42.09,42.77,0.67
SOMICONVEY,Somi Conveyor Beltings Ltd.,4.27,15.6,-0.51,-12.73,0,0,2.36,0.12,2.48
SONATSOFTW,Sonata Software Ltd.,264.17,-54.59,77.1,-250.76,-0.92,0,-229.17,278.48,49.31
SOUTHBANK,South Indian Bank Ltd.,"1,108.21","-7,260.82",-386.06,"3,523.93",0,"-4,122.94","11,203.43","7,080.49",
SOUTHWEST,South West Pinnacle Exploration Ltd.,11.05,12.03,-13.61,7.39,0,0,5.8,2.88,8.68
SPAL,S P Apparels Ltd.,122.28,226.98,-155.83,-73.16,0,0,-2.02,49.1,47.08
SPARC,Sun Pharma Advanced Research Company Ltd.,-222.58,-69.12,-548.28,616.76,0,0,-0.64,1.22,0.58
SPCENET,Spacenet Enterprises India Ltd.,2.7,-3.52,-10.59,12.42,0,0,-1.69,3.58,1.9
SPECIALITY,Speciality Restaurants Ltd.,62.23,80.6,-71.76,-5,0,0,3.84,1.13,4.97
SPIC,Southern Petrochemical Industries Corporation Ltd.,299.76,-30.66,-16.34,58.39,0,0,11.39,5.03,16.42
SPLIL,SPL Industries Ltd.,32.06,13.9,-25.69,4.78,0,0,-7.01,8.11,1.09
SPMLINFRA,SPML Infra Ltd.,2.66,73.47,-23.64,-71.08,0,0,-21.25,39.43,18.18
SPYL,Shekhawati Poly-Yarn Ltd.,-21.18,2.41,-1.7,-0.54,0,0,0.17,0.9,1.07
SREEL,Sreeleathers Ltd.,34.59,29.08,-24.89,-0.63,0,0,3.56,2.8,6.35
SRF,SRF Ltd.,"2,655.86","2,788.10","-2,328.16",-252.33,0,0,207.61,319.64,527.25
SRHHYPOLTD,Sree Rayalaseema Hi Strength Hyp Ltd.,190.48,133.94,-98.62,-22.95,0,0,12.36,14.14,26.5
SSWL,Steel Strips Wheels Ltd.,288.57,348.12,-127.94,-234.09,0,0,-13.91,57.91,44
STAR,Strides Pharma Science Ltd.,-64.76,241.74,-182.58,10.82,0,0,69.98,12.12,82.11
STARPAPER,Star Paper Mills Ltd.,83.34,46.77,-41.12,-6.5,0,0,-0.86,4.33,3.47
STCINDIA,State Trading Corporation of India Ltd.,37.11,-61.64,81.43,0,0,0,19.79,195.04,214.83
STEL,STEL Holdings Ltd.,16.42,13.8,-3.51,0,0,0,10.29,25.15,35.44
STERTOOLS,Sterling Tools Ltd.,56.72,58.44,-43.18,-11.59,0,0,3.68,0.76,4.44
STLTECH,Sterlite Technologies Ltd.,83,-194,-13,70,0,0,-137,275,138
STYRENIX,Styrenix Performance Materials Ltd.,246.97,270.09,-135.58,-197.81,0,0,-63.31,166.08,102.78
SUBROS,Subros Ltd.,71.02,140.61,-144.96,3.71,0,0,-0.64,31.31,30.67
SUDARSCHEM,Sudarshan Chemical Industries Ltd.,37.83,283.64,-182,-110.41,0,0,-8.77,14.55,5.79
SUNDARAM,Sundaram Multi Pap Ltd.,2.63,11.35,-0.58,-8.6,0,0,2.17,0.36,2.54
SUNDRMBRAK,Sundaram Brake Linings Ltd.,-5.4,1.11,-5.75,4.6,0,0,-0.04,0.29,0.25
SUNFLAG,Sunflag Iron and Steel Company Ltd.,"1,483.96",277.81,-219.03,-63.28,0,0,-4.5,14.68,10.18
SUNTV,Sun TV Network Ltd.,"2,238.12","2,057.15","-1,525.68",-621.25,1.18,0,-88.6,215.73,127.13
SUPERHOUSE,Superhouse Ltd.,26.87,24.61,-32.97,7.64,0,0,-0.73,17.64,16.92
SUPERSPIN,Super Spinning Mills Ltd.,-18.1,-9.3,5.58,3.03,0,0,-0.69,2.54,1.85
SUPRAJIT,Suprajit Engineering Ltd.,247.68,206.01,-177.79,-13.86,0,0,14.36,27.36,41.71
SUPREMEIND,Supreme Industries Ltd.,"1,010.43",891.39,-348.86,-326.97,4.58,0,220.14,517.54,737.68
SURANASOL,Surana Solar Ltd.,3.31,10.14,0.12,-10.15,0,0,0.12,0.01,0.12
SURYAROSNI,Surya Roshni Ltd.,458.93,279.31,-33.18,-246.16,0,0,-0.03,0.19,0.16
SUTLEJTEX,Sutlej Textiles and Industries Ltd.,51.02,209.82,-115.12,-93.37,0,0,1.33,2.32,3.65
SUVEN,Suven Life Sciences Ltd.,-20.13,-10.09,-361.66,395.54,0,0,23.79,2.9,26.7
SUZLON,Suzlon Energy Ltd.,"2,162.76",-31.15,407.67,-495.91,0,0,-119.39,410.02,290.63
SWANENERGY,Swan Energy Ltd.,4.92,-5.69,-146.42,151.23,0,0,-0.89,10.5,9.61
SWARAJENG,Swaraj Engines Ltd.,179.74,132.83,-37.63,-97.34,0,0,-2.14,5.77,3.63
SYMPHONY,Symphony Ltd.,164.8,136.1,-11.5,-89.54,-0.01,0,35.05,11.02,46.07
SYNGENE,Syngene International Ltd.,473,838.4,-688.2,-340.2,3.1,0,-186.9,259,72.1
TAINWALCHM,Tainwala Chemicals and Plastics (India) Ltd.,3.89,-5.54,5.45,-0.01,0,0,-0.1,0.5,0.4
TAJGVK,Taj GVK Hotels & Resorts Ltd.,117.7,99.87,-16.58,-79.09,0,0,4.19,34,38.2
TAKE,Take Solutions Ltd.,4.7,26.89,-22.37,-0.84,0,0,3.69,2.54,6.22
TALBROAUTO,Talbros Automotive Components Ltd.,58.41,56.58,-37.05,-16.31,0,0,3.23,2.06,5.28
TARAPUR,Tarapur Transformers Ltd.,-22.92,-13.36,12.59,-0.57,0,0,-1.34,2.03,0.69
TARMAT,Tarmat Ltd.,7.29,9.57,-0.96,-8.01,0,0,0.6,4.44,5.04
TATACHEM,Tata Chemicals Ltd.,"1,265.00",885,-558,-332,0,0,-5,18,13
TATACOFFEE,Tata Coffee Ltd.,286.9,-3.32,26.82,-20.33,0,0,3.18,8.49,11.67
TATACOMM,Tata Communications Ltd.,981.03,"2,087.20","-1,224.17",-709.7,0,0,153.33,98.78,252.11
TATACONSUM,TATA Consumer Products Ltd.,"1,267.37","1,019.27",-601.34,-567.8,0,0,-149.87,327.4,177.53
TATAELXSI,Tata Elxsi Ltd.,755.19,486.86,-201.91,-303.12,0.96,0,-17.21,151.11,133.89
TATAMETALI,Tata Metaliks Ltd.,100.7,91.99,4.51,-68.02,0,0,28.48,73.77,102.25
TATAMOTORS,Tata Motors Ltd.,"2,728.13","4,775.43",922.67,"-7,021.32",-5.58,0,"-1,328.80","2,450.23","1,121.43"
TATASTEEL,Tata Steel Ltd.,"21,021.92","14,226.93","-11,060.61","-4,978.93",0.0,0.0,"-1,812.61","2,671.59",858.98
TCIEXP,TCI Express Ltd.,184.53,146.81,-65.32,-83.74,0,0,-2.25,15.74,13.49
TCNSBRANDS,TCNS Clothing Co Ltd.,-31.21,-0.05,108.6,-96.35,0,0,12.2,10.41,22.61
TCPLPACK,TCPL Packaging Ltd.,158.36,118.68,-101.17,-18.03,0,0,-0.52,1.97,1.44
TCS,Tata Consultancy Services Ltd.,"39,106.00","37,029.00","3,250.00","-47,224.00",210,0,"-6,735.00","8,197.00","1,462.00"
TDPOWERSYS,TD Power Systems Ltd.,119.42,82,-7.03,-89.12,0.08,0,-14.07,38.46,24.39
TEAMLEASE,TeamLease Services Ltd.,99.18,82.73,-80.06,-19.25,0,0,-16.57,128.66,112.08
TECHIN,Techindia Nirman Ltd.,-0.31,-19.78,6.02,13.83,0,0,0.07,0.09,0.16
TECHM,Tech Mahindra Ltd.,"4,904.10","4,102.10",676.8,"-4,991.50",57.1,0,-155.5,"1,249.50","1,094.00"
TECHNOE,Techno Electric & Engineering Company Ltd Ltd.,288.12,32.55,73.33,-103.01,0,0,2.87,45.43,48.3
TECILCHEM,Tecil Chemicals and Hyd. Ltd.,-1.4,-0.86,0.89,0,0,0,0.03,0,0.04
TEJASNET,Tejas Networks Ltd.,11.29,-369.31,-608.57,"1,010.80",0,0.56,33.48,45.5,78.98
TERASOFT,Tera Software Ltd.,8.66,32.76,3.23,-30.03,0,0,5.97,10.04,16.01
TEXINFRA,Texmaco Infrastructure & Holdings Ltd.,3.32,-1.8,6.15,-4.78,0,0,-0.43,1.59,1.17
TEXMOPIPES,Texmo Pipes and Products Ltd.,5.94,15.26,5.68,-20.46,0,0,0.48,0.14,0.62
TEXRAIL,Texmaco Rail and Engineering Ltd.,28.72,-106.04,-76.08,154.34,2.59,0,-25.18,55.62,30.43
TFCILTD,Tourism Finance Corp of India Ltd.,109.37,-136.86,-0.01,-11.66,0,0,-148.53,209.5,60.98
TGBHOTELS,TGB Banquets and Hotels Ltd.,1.44,4.9,0.04,-5.35,0,0,-0.41,0.91,0.51
THANGAMAYL,Thangamayil Jewellery  Ltd.,107.94,10.44,-86.42,77.99,0,0,2.01,3.65,5.66
THEMISMED,Themis Medicare Ltd.,58.91,16.07,-23.96,0.14,0,0,-7.75,20.27,12.51
THOMASCOTT,Thomas Scott India Ltd.,2.98,-18.42,-3.19,25.23,0,0,3.63,3.17,6.8
TI,Tilaknagar Industries Ltd.,165.88,84.3,-19.29,-67.45,0,0,-2.43,35.45,33.01
TIDEWATER,Tide Water Oil Ltd.,106.07,54.23,31.19,-67.61,0,0,17.81,25.82,43.63
TIIL,Technocraft Industries (India) Ltd.,247.76,75.4,45.03,-50.54,0,0,69.89,52.88,122.78
TIJARIA,Tijaria Polypipes Ltd.,-9.46,-5.33,0.17,5.2,0,0,0.04,0.05,0.09
TIL,TIL Ltd.,-92.09,6.68,8.1,-13.85,0,0,0.93,0.07,1
TIMESGTY,Times Guaranty Ltd.,1.07,8.64,-8.86,0,0,0,-0.22,0.34,0.12
TIMETECHNO,Time Technoplast Ltd.,149.46,226.77,-165.56,-61.06,0,0,0.15,13.51,13.66
TIMKEN,Timken India Ltd.,390.75,341.16,-47.16,-15.29,1.84,0,280.55,113.75,394.29
TINPLATE,The Tinplate Co. of India Ltd.,192.91,215.26,-269,-55.56,0,0,-109.29,141.78,32.48
TIPSINDLTD,Tips Industries Ltd.,105.65,82.28,-49.45,-43.49,0,0,-10.66,22.07,11.41
TIRUMALCHM,Thirumalai Chemicals Ltd.,156.31,16.63,-299.73,166.18,2.81,0,-114.11,158.98,44.87
TITAGARH,TITAGARH RAIL SYSTEMS Ltd.,158.77,61.97,-77.47,49.96,0,0,34.46,6.33,40.79
TITAN,Titan Company Ltd.,"4,465.00","1,810.00","-1,653.00",-155,0,0,2,117,119
TNPETRO,Tamilnadu Petroproducts Ltd.,119.15,76.25,-63.94,-12.3,0,0,0.01,0,0.02
TNTELE,Tamilnadu Telecommunications Ltd.,-11.83,9.29,0,-9.05,0,0,0.24,0.03,0.27
TOKYOPLAST,Tokyo Plast International Ltd.,0.19,18.89,-13.39,-5.39,0,0,0.11,0.73,0.84
TORNTPHARM,Torrent Pharmaceuticals Ltd.,"1,577.02","2,265.41","-2,384.07",80.74,0,58.32,20.4,65,85.4
TORNTPOWER,Torrent Power Ltd.,"2,931.29","3,117.59","-2,137.39","-1,003.91",0,0,-23.71,161.79,138.08
TPLPLASTEH,TPL Plastech Ltd.,20.45,-1.76,-9.88,11.62,0,0,-0.02,0.11,0.09
TREEHOUSE,Tree House Education and Accessories Ltd.,-42.75,10.5,16.58,-26.25,0,0,0.84,0.01,0.85
TREJHARA,Trejhara Solutions Ltd.,-78.32,3.2,4.22,-7.35,0,0,0.07,0.1,0.17
TRF,TRF Ltd.,87.76,69.77,-56.59,-11.62,0,0,1.57,0.63,2.2
TRIDENT,Trident Ltd.,554.29,"1,433.11","-1,164.52",-407.18,0,0,-138.59,251.98,113.39
TRIGYN,Trigyn Technologies Ltd.,7.01,-5.52,15.62,-6.07,0,0,4.02,3.56,7.59
TRIL,Transformers and Rectifiers India Ltd.,48.42,26.74,5.51,-42.24,0,0,-10,10.44,0.44
TRITURBINE,Triveni Turbine Ltd.,195.38,150.51,138.35,-287.55,0,0,1.3,6.66,7.96
TRIVENI,Triveni Engineering and Industries Ltd.,"2,139.13",431.94,"1,398.89","-1,780.10",0,0,50.74,18.22,68.95
TTKHLTCARE,TTK Healthcare Ltd.,838.07,-26.08,32.96,-12.43,0,0,-5.54,14.86,9.32
TTKPRESTIG,TTK Prestige Ltd.,349.52,229.39,-166.73,-61.79,0,0,0.87,14.58,15.45
TTL,TT Ltd.,-8.96,23.58,14.41,-39.13,0,0,-1.14,1.58,0.44
TTML,Tata Teleservices (Maharashtra) Ltd.,"-1,144.72",558.08,-66.2,-494.37,0,0,-2.49,16.7,14.21
TVSELECT,TVS Electronics Ltd.,9.52,-8.34,6.14,0.92,0,0,-1.28,10.36,9.08
TVSSRICHAK,TVS Srichakra Ltd.,91.29,216.75,-201.75,-12.35,0,0,2.65,4.89,7.54
TVVISION,TV Vision Ltd.,-19.48,3.89,-0.12,-3.48,0,0,0.29,0.49,0.78
UBL,United Breweries Ltd.,415.45,-120.65,-120.45,-291.76,0,0,-532.86,862.38,329.52
UCAL,Ucal Ltd.,12.91,69.33,-13.57,-32.15,0,0,23.61,-23.23,0.37
UCOBANK,UCO Bank,"2,905.11","2,982.91",-267.32,-335.77,200.29,"2,580.11","26,147.99","28,728.10",
UFLEX,Uflex Ltd.,317.12,237.96,-678.82,517.45,0,0,76.59,164.35,240.95
UGARSUGAR,Ugar Sugar Works Ltd.,148.39,394.05,-48.42,-346.11,0,0,-0.48,6.19,5.71
UJJIVAN,Ujjivan Financial Services  Ltd.,124.12,99.92,-38.52,-60.84,0,0,0.56,0.13,0.69
ULTRACEMCO,UltraTech Cement Ltd.,"7,246.37","9,348.18","-6,753.57","-2,370.09",0,0,224.52,76.58,301.1
UMANGDAIRY,Umang Dairies Ltd.,-4.48,5.56,-1.77,-2.73,0,0,1.07,1.14,2.21
UNICHEMLAB,Unichem Laboratories Ltd.,-279.09,-117.33,202.5,-61.76,0,38.13,61.54,94.13,155.67
UNIENTER,Uniphos Enterprises Ltd.,39.62,-1.47,40.63,-39.29,0,0,-0.13,1.63,1.5
UNITECH,Unitech Ltd.,"-2,409.21",217.01,11.88,-24.65,0,0,204.25,22.56,226.8
UNITEDTEA,United Nilgiri Tea Estates Company Ltd.,14.92,15.06,-13.21,-1.35,0,0,0.5,2.78,3.28
UPL,UPL Ltd.,"1,284.00","1,667.00","1,210.00","-2,689.00",0,0,188,506,694
UTTAMSUGAR,Uttam Sugar Mills Ltd.,164.97,158.14,-50.04,-110.3,0,0,-2.2,8.5,6.3
V2RETAIL,V2 Retail Ltd.,-18.84,79.99,-9.11,-74.89,0,0,-4,5.94,1.94
VADILALIND,Vadilal Industries Ltd.,96.49,33.14,-42,11.71,0,0,2.85,2.86,5.72
VAIBHAVGBL,Vaibhav Global Ltd.,102.87,16.43,65.04,-74,0,0,7.47,15.56,23.03
VAKRANGEE,Vakrangee Ltd.,2.28,-68.74,-1.89,52.49,0,0,-18.14,41.95,23.81
VALECHAENG,Valecha Engineering Ltd.,-17.65,1.87,1.83,-0.22,0,0,3.48,5.6,9.08
VARDHACRLC,Vardhman Acrylics Ltd.,43.1,38.53,-36.73,-2.61,0,0,-0.81,1.47,0.66
VARDMNPOLY,Vardhman Polytex Ltd.,1.49,40.3,-0.65,-39.36,0,0,0.29,0.15,0.44
VENKEYS,Venkys Ltd.,95.3,86.11,-26.55,-45.03,0,0,14.53,5.82,20.35
VENUSREM,Venus Remedies Ltd.,40.33,28.05,-50.81,0,0,0,-22.76,42.83,20.07
VGUARD,V-Guard Industries Ltd.,241.37,415.95,-774.15,328.41,0,0,-29.8,53.45,23.65
VHL,Vardhman Holdings Ltd.,3.39,1.28,2.05,-1.59,0,0,1.74,1.21,2.95
VIDHIING,Vidhi Specialty Food Ingredients Ltd.,49.95,95.92,-42.37,-47.45,0,0,6.1,1.19,7.28
VIJIFIN,Viji Finance Ltd.,0.61,-2.47,-1.96,4.47,0,0,0.04,0.09,0.13
VIKASECO,Vikas Ecotech Ltd.,10.49,96.6,-58.12,-41.07,0,0,-2.59,2.8,0.21
VIKASLIFE,Vikas Lifecare Ltd.,-21.51,-109.82,-43.36,157.07,0,0,3.89,5.24,9.13
VINATIORGA,Vinati Organics Ltd.,615.29,577.98,-371.56,-85.58,0,0,120.85,1.05,121.9
VINYLINDIA,Vinyl Chemicals (India) Ltd.,47.52,-21.24,40.52,-18.64,0,0,0.64,0.04,0.68
VIPCLOTHNG,VIP Clothing Ltd.,8.31,13.12,11.08,-14.26,0,0,9.93,1.34,11.27
VIPIND,VIP Industries Ltd.,193.38,63.04,15.18,-63.39,0,0,14.83,6.7,21.53
VIPULLTD,Vipul Ltd.,-194.48,363.83,8.81,-375.12,0,0,-2.49,9.83,7.34
VISAKAIND,Visaka Industries Ltd.,74.46,30.1,-214.11,187.73,0,0,3.72,24.05,27.77
VIVIDHA,Visagar Polytex Ltd.,-1.4,-0.39,0,0.32,0,0,-0.07,0.07,0
VMART,V-Mart Retail Ltd.,-13.01,180.75,-158.58,-37.36,0,0,-15.19,30.18,14.99
VOLTAMP,Voltamp Transformers Ltd.,260.37,167.97,-127.25,-36.3,0,0,4.42,13.3,17.72
VOLTAS,Voltas Ltd.,"1,528.17",35.29,-71.64,-41.94,0,0,-78.29,452.75,374.46
VRLLOG,VRL Logistics Ltd.,202.52,318.34,-144.46,-170.91,0,0,2.97,8.54,11.51
VSSL,Vardhman Special Steels Ltd.,134.31,73.58,-14.83,-49.48,0,0,9.26,0.27,9.54
VSTIND,VST Industries Ltd.,428.89,181.46,46.72,-223.54,0,0,4.63,4.19,8.82
VSTTILLERS,VST Tillers Tractors Ltd.,123.94,36.43,-31.57,-19.13,0,0,-14.27,25.19,10.92
VTL,Vardhman Textiles Ltd.,987.04,"1,814.81","-1,405.56",-396.65,0,0,12.6,62.06,74.66
WABAG,Va Tech Wabag Ltd.,2.05,218.34,-49.47,-227.22,-0.33,0,-58.68,144.82,86.14
WALCHANNAG,Walchandnagar Industries Ltd.,19.58,76.13,8.08,-85.37,0,0,-1.16,2.94,1.78
WANBURY,Wanbury Ltd.,-10.29,19.8,-8.84,-31.99,0,0,-21.03,22.49,1.46
WEIZMANIND,Weizmann Ltd.,8.87,9.81,-2.12,-8.48,0,0,-0.78,2.03,1.24
WELCORP,Welspun Corp Ltd.,706.84,-323.38,453.69,-26.16,0,0,104.15,356.5,460.65
WELENT,Welspun Enterprises Ltd.,760.06,24.98,"1,673.47",-243.39,0,0,"1,455.06",76.75,"1,531.81"
WELINV,Welspun Investments and Commercials Ltd.,7.32,-2.18,2.41,0,0,0,0.23,0.17,0.4
WILLAMAGOR,Williamson Magor and Company Ltd.,13.2,-29.08,52.52,-23.48,0,0,-0.04,0.16,0.12
WINDMACHIN,Windsor Machines Ltd.,23.21,7.43,-6.69,-3.65,0,0,-2.91,9.15,6.24
WIPL,The Western India Plywoods Ltd.,4.13,16,-3.7,-2.4,0,0,9.9,2.86,12.76
WIPRO,Wipro Ltd.,"9,176.70","11,191.60","-4,761.60","-6,803.60",2.5,0,-371.1,"4,898.10","4,527.00"
WOCKPHARMA,Wockhardt Ltd.,-513,71,-3,-236,0,0,-168,172,4
WONDERLA,Wonderla Holidays Ltd.,148.9,192.28,-164.15,-7.74,0,0,20.39,5.13,25.52
WSI,WS Industries Ltd.,19.66,-104.58,22.92,61.99,-0.15,0,-19.83,22.57,2.75
WSTCSTPAPR,West Coast Paper Mills Ltd.,799.36,694.76,-370.93,-310.59,0,0,13.24,1.35,14.59
XCHANGING,Xchanging Solutions Ltd.,18.79,9.54,8.63,-0.48,0,0,17.69,202.05,219.74
XELPMOC,Xelpmoc Design and Tech Ltd.,-14.15,-12.04,2.94,-1.17,0,0,-10.27,11.61,1.35
XPROINDIA,Xpro India Ltd.,59.23,82.88,-58.28,-43.14,0,0,-18.53,18.66,0.12
YESBANK,Yes Bank Ltd.,962.92,"-25,626.01","-12,900.84","11,283.99",-122.29,"-27,365.15","46,639.59","19,274.44",
ZEEL,Zee Entertainment Enterprises Ltd.,353,177.8,10.9,-395.5,0,0,-206.8,624.7,417.9
ZENITHEXPO,Zenith Exports Ltd.,2,19.23,-15.55,-4.98,0,0,-1.31,7.83,6.52
ZENITHSTL,Zenith Steel Pipes & Industries Ltd.,0.33,17.74,-3.7,-11.35,0,0,2.69,2.56,5.25
ZENSARTECH,Zensar Technologies Ltd.,403.4,548.9,-410.5,-158.9,0,0,-20.5,86.6,66.1
ZFCVINDIA,ZF Commercial Vehicle Control Systems India Ltd.,426.89,298.75,-271.04,-31.07,0.89,0,-2.47,88.25,85.77
ZODIACLOTH,Zodiac Clothing Company Ltd.,-23.85,-1.05,16.47,-15.19,0,0,0.23,0.35,0.58
ZOTA,Zota Health Care Ltd.,8.62,-10.29,12.76,-3.79,0,0,-1.32,2.2,0.88
ZUARIIND,Zuari Industries Ltd.,24.79,52.17,191.19,-242.07,0,0,1.29,14.3,15.59
